aircraft_id,unit_id,component,cycle,vibration,temperature,pressure,RUL,true_anomaly,life_length
AC-001,AC-001-engine-1,engine,1,0.31882823135970356,540.2499992609162,38.69751939034872,130,0,163
AC-001,AC-001-engine-1,engine,2,0.3026245561908627,548.4394878550233,39.98199443133985,130,0,163
AC-001,AC-001-engine-1,engine,3,0.28309155473544173,554.4435667119822,40.77508201032827,130,0,163
AC-001,AC-001-engine-1,engine,4,0.30159160646129246,555.7190093018054,40.46269169762861,130,0,163
AC-001,AC-001-engine-1,engine,5,0.2832375765393167,551.9731340250457,39.03358982944689,130,0,163
AC-001,AC-001-engine-1,engine,6,0.31817873917379874,549.9366777957406,39.80429793605201,130,0,163
AC-001,AC-001-engine-1,engine,7,0.2872113236740048,556.3662916984513,39.830716481271935,130,0,163
AC-001,AC-001-engine-1,engine,8,0.29251741359701033,548.57054531542,40.51303860705962,130,0,163
AC-001,AC-001-engine-1,engine,9,0.30868078086950146,552.4828545969916,40.40643167710176,130,0,163
AC-001,AC-001-engine-1,engine,10,0.344526655205335,548.4854453366098,39.457646992032004,130,0,163
AC-001,AC-001-engine-1,engine,11,0.28577392629243265,553.7060968193023,41.09253885525617,130,0,163
AC-001,AC-001-engine-1,engine,12,0.3001599834375156,546.5444470178746,39.13215998269786,130,0,163
AC-001,AC-001-engine-1,engine,13,0.31587421414408856,554.5908803633378,40.49226789697018,130,0,163
AC-001,AC-001-engine-1,engine,14,0.2900094641025606,552.175146635658,40.05766966250367,130,0,163
AC-001,AC-001-engine-1,engine,15,0.3081846041074133,555.52156483144,40.155847421257654,130,0,163
AC-001,AC-001-engine-1,engine,16,0.3179141514225279,551.6627476188886,40.21203708471505,130,0,163
AC-001,AC-001-engine-1,engine,17,0.31752056672987633,544.2098549102817,39.59331007763193,130,0,163
AC-001,AC-001-engine-1,engine,18,0.2960801452430236,548.4823769148297,39.62730044514879,130,0,163
AC-001,AC-001-engine-1,engine,19,0.3360130947331,547.5390931324374,40.85958024777527,130,0,163
AC-001,AC-001-engine-1,engine,20,0.273117417319387,550.3956565242026,40.042311949519174,130,0,163
AC-001,AC-001-engine-1,engine,21,0.31919367768593826,555.8383979446943,40.66056090526654,130,0,163
AC-001,AC-001-engine-1,engine,22,0.301223021984592,550.1930398623763,40.7122421313983,130,0,163
AC-001,AC-001-engine-1,engine,23,0.3051336033664951,546.3592513973493,38.707429410634255,130,0,163
AC-001,AC-001-engine-1,engine,24,0.2913666846424202,555.4667213310181,39.968990529626964,130,0,163
AC-001,AC-001-engine-1,engine,25,0.3243953520058915,551.0982393841479,39.97035044797385,130,0,163
AC-001,AC-001-engine-1,engine,26,0.323961241429725,551.9517053306811,40.25322975221735,130,0,163
AC-001,AC-001-engine-1,engine,27,0.2991085774186459,551.9574546182793,39.39875817284649,130,0,163
AC-001,AC-001-engine-1,engine,28,0.2893618400815573,556.4922224852256,39.29453307324904,130,0,163
AC-001,AC-001-engine-1,engine,29,0.31449392618500954,556.756080014391,40.19330373051073,130,0,163
AC-001,AC-001-engine-1,engine,30,0.3285510308707877,554.1652563442487,39.30570917788772,130,0,163
AC-001,AC-001-engine-1,engine,31,0.31468212341783874,546.5366990523107,38.26352774738195,130,0,163
AC-001,AC-001-engine-1,engine,32,0.2908895283972719,550.3131749477693,40.0914449708237,130,0,163
AC-001,AC-001-engine-1,engine,33,0.3003348466093105,553.744984587626,40.97132736060364,130,0,163
AC-001,AC-001-engine-1,engine,34,0.31245392943119343,559.6701138805755,38.718307495947066,129,0,163
AC-001,AC-001-engine-1,engine,35,0.3166391128947382,551.5895148524748,39.29211600761783,128,0,163
AC-001,AC-001-engine-1,engine,36,0.338756556064666,548.0704625082243,40.04419442904776,127,0,163
AC-001,AC-001-engine-1,engine,37,0.32794150868934946,554.1141047512311,38.14173242751903,126,0,163
AC-001,AC-001-engine-1,engine,38,0.3258996641879256,554.8255312982957,39.79788378408984,125,0,163
AC-001,AC-001-engine-1,engine,39,0.32619826839881993,565.8803800224897,39.30266703051185,124,0,163
AC-001,AC-001-engine-1,engine,40,0.30662930115437514,559.1767048713076,39.73823222162843,123,0,163
AC-001,AC-001-engine-1,engine,41,0.35565490209384104,562.8750744651105,39.85071727090005,122,0,163
AC-001,AC-001-engine-1,engine,42,0.3591429820594019,553.1852449113057,38.829103147516726,121,0,163
AC-001,AC-001-engine-1,engine,43,0.3127850531166371,557.619903522894,38.06657479564818,120,0,163
AC-001,AC-001-engine-1,engine,44,0.34549311265453114,558.9080818173026,37.94625870606191,119,0,163
AC-001,AC-001-engine-1,engine,45,0.3139859079313462,562.0473577125417,40.2283934202411,118,0,163
AC-001,AC-001-engine-1,engine,46,0.37577337729034516,575.5200443861922,39.77727593182694,117,0,163
AC-001,AC-001-engine-1,engine,47,0.31762314102064315,550.7717946417347,39.60257540152107,116,0,163
AC-001,AC-001-engine-1,engine,48,0.3227640995436034,559.846884142099,38.694162375165796,115,0,163
AC-001,AC-001-engine-1,engine,49,0.3378499958137702,567.7555664029126,39.43410077114138,114,0,163
AC-001,AC-001-engine-1,engine,50,0.3391698829573707,557.7597416991929,37.57256008288419,113,0,163
AC-001,AC-001-engine-1,engine,51,0.33432706173648286,563.1917933319485,40.984761559483005,112,0,163
AC-001,AC-001-engine-1,engine,52,0.3484032246309708,568.9074496722443,38.68652246010062,111,0,163
AC-001,AC-001-engine-1,engine,53,0.3238772472204946,559.7115647454266,38.428976201262735,110,0,163
AC-001,AC-001-engine-1,engine,54,0.39195777960861894,560.9839620082968,39.96047347111562,109,0,163
AC-001,AC-001-engine-1,engine,55,0.33317597787301423,570.3128577249907,39.474115029488,108,0,163
AC-001,AC-001-engine-1,engine,56,0.3499817740201906,566.0256276945139,38.40095395837768,107,0,163
AC-001,AC-001-engine-1,engine,57,0.3639498606053501,564.5393209964293,37.79611127488682,106,0,163
AC-001,AC-001-engine-1,engine,58,0.3314174237554308,568.2723264680566,40.56618147433358,105,0,163
AC-001,AC-001-engine-1,engine,59,0.3621576402431651,567.42169413858,39.237687331216826,104,0,163
AC-001,AC-001-engine-1,engine,60,0.3870933495994645,569.7276475740028,38.50510272889377,103,0,163
AC-001,AC-001-engine-1,engine,61,0.38514846982391593,571.4007169659164,40.41535251425878,102,0,163
AC-001,AC-001-landing_gear-2,landing_gear,1,0.1363215879498804,64.95299579284955,3086.174806192933,130,0,266
AC-001,AC-001-landing_gear-2,landing_gear,2,0.14821752763652218,58.85128602121525,3073.0382952271816,130,0,266
AC-001,AC-001-landing_gear-2,landing_gear,3,0.13895816266059852,57.317726908534745,3032.0900211183634,130,0,266
AC-001,AC-001-landing_gear-2,landing_gear,4,0.14610482784879683,59.98802633833263,2991.6921775340606,130,0,266
AC-001,AC-001-landing_gear-2,landing_gear,5,0.15345524404641547,64.22774548783623,3004.317249189284,130,0,266
AC-001,AC-001-landing_gear-2,landing_gear,6,0.1565538658569022,53.85711555851584,2997.2588054391376,130,0,266
AC-001,AC-001-landing_gear-2,landing_gear,7,0.14172351447158651,56.35394863036347,2955.6768691881884,130,0,266
AC-001,AC-001-landing_gear-2,landing_gear,8,0.14686228190256279,62.76127538103943,2933.137653954166,130,0,266
AC-001,AC-001-landing_gear-2,landing_gear,9,0.1505638902552449,58.56466338861931,2982.9294777371,130,0,266
AC-001,AC-001-landing_gear-2,landing_gear,10,0.1603455724867506,61.63554592659208,3066.021920748925,130,0,266
AC-001,AC-001-landing_gear-2,landing_gear,11,0.14883971623028353,57.93782369984006,2987.780997761888,130,0,266
AC-001,AC-001-landing_gear-2,landing_gear,12,0.15288287960924676,60.56024752179677,2944.5594985309062,130,0,266
AC-001,AC-001-landing_gear-2,landing_gear,13,0.15144230807123946,60.720512340747426,3124.4406078634674,130,0,266
AC-001,AC-001-landing_gear-2,landing_gear,14,0.16939171481087764,57.481821194860935,2983.9687820610457,130,0,266
AC-001,AC-001-landing_gear-2,landing_gear,15,0.13608106700746522,58.27557809316523,3013.8722847772897,130,0,266
AC-001,AC-001-landing_gear-2,landing_gear,16,0.162872601447166,57.86701950265475,2965.121837361187,130,0,266
AC-001,AC-001-landing_gear-2,landing_gear,17,0.12944611303801962,59.57326912739236,2944.4286038459386,130,0,266
AC-001,AC-001-landing_gear-2,landing_gear,18,0.14573590704354203,57.43810441997742,2992.5394021081647,130,0,266
AC-001,AC-001-landing_gear-2,landing_gear,19,0.13357067527010716,55.67539487607192,3103.4011311116187,130,0,266
AC-001,AC-001-landing_gear-2,landing_gear,20,0.13839775112207794,56.794441726957295,3088.453737923217,130,0,266
AC-001,AC-001-landing_gear-2,landing_gear,21,0.1804530262630412,56.57879041823312,2977.847939972233,130,0,266
AC-001,AC-001-landing_gear-2,landing_gear,22,0.15495464760053515,65.28869907262545,2946.5529005022413,130,0,266
AC-001,AC-001-landing_gear-2,landing_gear,23,0.14922941103687604,62.44415869460504,3017.252465066538,130,0,266
AC-001,AC-001-landing_gear-2,landing_gear,24,0.1480700860738373,59.72064089219443,2926.3708181517986,130,0,266
AC-001,AC-001-landing_gear-2,landing_gear,25,0.14960572652090687,59.33333512735004,3006.3085905862367,130,0,266
AC-001,AC-001-landing_gear-2,landing_gear,26,0.14659636883165267,61.55792496895827,3044.903414838077,130,0,266
AC-001,AC-001-landing_gear-2,landing_gear,27,0.1538724712403909,61.20981442277803,2996.4759594756765,130,0,266
AC-001,AC-001-landing_gear-2,landing_gear,28,0.1524939187231579,58.00153088552104,3009.176513637682,130,0,266
AC-001,AC-001-landing_gear-2,landing_gear,29,0.15170146552132047,66.45779369382214,3071.5361944425476,130,0,266
AC-001,AC-001-landing_gear-2,landing_gear,30,0.15672041362890607,57.901624911138434,2936.74756479192,130,0,266
AC-001,AC-001-landing_gear-2,landing_gear,31,0.16496735411678948,60.99197598116814,3015.8580379405116,130,0,266
AC-001,AC-001-landing_gear-2,landing_gear,32,0.1358104010833928,62.99939950821686,3014.0376543690254,130,0,266
AC-001,AC-001-landing_gear-2,landing_gear,33,0.1423586503608979,58.81628939131967,3003.9513076710455,130,0,266
AC-001,AC-001-landing_gear-2,landing_gear,34,0.15420068132518716,59.36855399869765,2985.0228843523696,130,0,266
AC-001,AC-001-landing_gear-2,landing_gear,35,0.15137565558081204,60.717382827166126,3063.1867870153087,130,0,266
AC-001,AC-001-landing_gear-2,landing_gear,36,0.12845462085949816,59.56419622439169,2997.8357403517925,130,0,266
AC-001,AC-001-landing_gear-2,landing_gear,37,0.15731328095628644,59.174478993330496,2900.5550013842962,130,0,266
AC-001,AC-001-landing_gear-2,landing_gear,38,0.15787179157183498,65.48817309147215,2911.0620317950097,130,0,266
AC-001,AC-001-landing_gear-2,landing_gear,39,0.16347497243162828,59.33687048360775,2984.0359365895006,130,0,266
AC-001,AC-001-landing_gear-2,landing_gear,40,0.14455892263223352,59.33582533221724,3051.434475763553,130,0,266
AC-001,AC-001-landing_gear-2,landing_gear,41,0.16117203548845074,65.55330035413475,3044.6159729326882,130,0,266
AC-001,AC-001-landing_gear-2,landing_gear,42,0.16000028507184424,65.60576479733994,3006.991209183452,130,0,266
AC-001,AC-001-landing_gear-2,landing_gear,43,0.16415959514916795,59.502268031475694,2987.6480551097675,130,0,266
AC-001,AC-001-landing_gear-2,landing_gear,44,0.14918213013151754,63.37917636141925,2924.6678365388693,130,0,266
AC-001,AC-001-landing_gear-2,landing_gear,45,0.164262886656694,59.85733904298568,3041.3906660533194,130,0,266
AC-001,AC-001-landing_gear-2,landing_gear,46,0.16423744787250114,65.91052233861964,3018.595379929763,130,0,266
AC-001,AC-001-landing_gear-2,landing_gear,47,0.14130409006600136,60.26743998947432,2922.667660043502,130,0,266
AC-001,AC-001-landing_gear-2,landing_gear,48,0.15214378872089035,65.02212444280038,3012.3391248260764,130,0,266
AC-001,AC-001-landing_gear-2,landing_gear,49,0.15064573726545907,57.467850670761905,2981.278993840489,130,0,266
AC-001,AC-001-landing_gear-2,landing_gear,50,0.14578425434880277,58.51656955731786,2994.4008579972583,130,0,266
AC-001,AC-001-landing_gear-2,landing_gear,51,0.16982415037972262,62.377686417917026,2863.3794445203466,130,0,266
AC-001,AC-001-landing_gear-2,landing_gear,52,0.16164223136967393,60.78933832498916,2997.7650100569776,130,0,266
AC-001,AC-001-landing_gear-2,landing_gear,53,0.1750945548412732,54.40578237123651,2946.624940674415,130,0,266
AC-001,AC-001-landing_gear-2,landing_gear,54,0.16518177508275858,55.873397591959844,3049.0702207898084,130,0,266
AC-001,AC-001-landing_gear-2,landing_gear,55,0.16330289169656956,63.18104032883441,2945.801282071742,130,0,266
AC-001,AC-001-landing_gear-2,landing_gear,56,0.16810993606863717,63.87023461256545,2985.051103222925,130,0,266
AC-001,AC-001-landing_gear-2,landing_gear,57,0.16267564158004819,61.49980522804926,2929.2817163548675,130,0,266
AC-001,AC-001-landing_gear-2,landing_gear,58,0.15922203921941794,60.255587470764354,2990.6434904928174,130,0,266
AC-001,AC-001-landing_gear-2,landing_gear,59,0.17106762174435874,57.56235037241516,2964.2312037500055,130,0,266
AC-001,AC-001-landing_gear-2,landing_gear,60,0.17626234788995399,58.53242147445325,2928.360052699846,130,0,266
AC-001,AC-001-landing_gear-2,landing_gear,61,0.1638556273544587,63.321993267199076,2969.017794948308,130,0,266
AC-001,AC-001-landing_gear-2,landing_gear,62,0.17551330424797326,63.38529517060647,3009.4944744282275,130,0,266
AC-001,AC-001-landing_gear-2,landing_gear,63,0.16816235614897498,67.82437204342052,2956.085405861407,130,0,266
AC-001,AC-001-landing_gear-2,landing_gear,64,0.1429898208918737,65.68109933872068,2942.3815782853885,130,0,266
AC-001,AC-001-landing_gear-2,landing_gear,65,0.16451406081744807,64.82433581284943,2884.0596726163394,130,0,266
AC-001,AC-001-landing_gear-2,landing_gear,66,0.15133535667910933,56.119621443321485,2923.3549753116067,130,0,266
AC-001,AC-001-landing_gear-2,landing_gear,67,0.16867112721116773,62.52421427183817,2975.7476792304337,130,0,266
AC-001,AC-001-landing_gear-2,landing_gear,68,0.1505763945275753,54.04995991453533,2963.5068702921885,130,0,266
AC-001,AC-001-landing_gear-2,landing_gear,69,0.16042194513029084,62.38747101292812,2994.725133399932,130,0,266
AC-001,AC-001-landing_gear-2,landing_gear,70,0.16696413177211034,63.319180419562464,2969.909322168357,130,0,266
AC-001,AC-001-landing_gear-2,landing_gear,71,0.17133073637706162,58.954652832793485,2948.2725244523017,130,0,266
AC-001,AC-001-landing_gear-2,landing_gear,72,0.16845258204181404,63.56057349793522,2936.3534185214526,130,0,266
AC-001,AC-001-landing_gear-2,landing_gear,73,0.17215758527143726,60.33221113852827,2948.9337910626173,130,0,266
AC-001,AC-001-landing_gear-2,landing_gear,74,0.17570855465790255,55.18170983601499,2888.740745629164,130,0,266
AC-001,AC-001-landing_gear-2,landing_gear,75,0.15306532167145342,54.1916300168472,2918.3876429365564,130,0,266
AC-001,AC-001-brakes-3,brakes,1,0.2163430624506619,130.62196905814153,1497.921061958216,130,0,250
AC-001,AC-001-brakes-3,brakes,2,0.22032298834354097,120.73893326747287,1474.858853285176,130,0,250
AC-001,AC-001-brakes-3,brakes,3,0.19112719471701897,108.16002789947987,1473.3127843879904,130,0,250
AC-001,AC-001-brakes-3,brakes,4,0.19470654967888357,126.43636015502881,1551.5462949349794,130,0,250
AC-001,AC-001-brakes-3,brakes,5,0.17938727726934442,123.15461974607935,1468.6636818252741,130,0,250
AC-001,AC-001-brakes-3,brakes,6,0.20729325632694803,118.9685867944982,1444.900025224574,130,0,250
AC-001,AC-001-brakes-3,brakes,7,0.21415965487352726,115.18351429753015,1483.7477928487933,130,0,250
AC-001,AC-001-brakes-3,brakes,8,0.18426091383065468,114.79645378649955,1512.5295132208475,130,0,250
AC-001,AC-001-brakes-3,brakes,9,0.1975501348859539,122.66817601825986,1510.4688556178653,130,0,250
AC-001,AC-001-brakes-3,brakes,10,0.22028992483292253,117.30571079308497,1455.214265494628,130,0,250
AC-001,AC-001-brakes-3,brakes,11,0.21658913624857976,117.40617462322197,1532.8569733373213,130,0,250
AC-001,AC-001-brakes-3,brakes,12,0.20644185669773707,119.02001975837324,1509.772076821389,130,0,250
AC-001,AC-001-brakes-3,brakes,13,0.2300763884018945,136.69696423243002,1501.2702340539834,130,0,250
AC-001,AC-001-brakes-3,brakes,14,0.20334365889975614,128.7040012597311,1473.6893690169795,130,0,250
AC-001,AC-001-brakes-3,brakes,15,0.20607605558927383,119.90109721636915,1508.3372463437267,130,0,250
AC-001,AC-001-brakes-3,brakes,16,0.18872826791075892,107.40634005352824,1436.581696920261,130,0,250
AC-001,AC-001-brakes-3,brakes,17,0.1846264383051559,116.46931772048534,1489.8170524005372,130,0,250
AC-001,AC-001-brakes-3,brakes,18,0.23061366743644277,129.0034669592584,1469.5820665097513,130,0,250
AC-001,AC-001-brakes-3,brakes,19,0.20694842678676437,116.91665410919741,1489.7362848587973,130,0,250
AC-001,AC-001-brakes-3,brakes,20,0.20469988474123074,125.14536893580313,1487.9022454834794,130,0,250
AC-001,AC-001-brakes-3,brakes,21,0.2180745729910154,111.07617419086077,1498.073371870868,130,0,250
AC-001,AC-001-brakes-3,brakes,22,0.2412883058989375,122.0169579410022,1540.6732351981852,130,0,250
AC-001,AC-001-brakes-3,brakes,23,0.20391200267259812,124.90013676263837,1495.7573041682192,130,0,250
AC-001,AC-001-brakes-3,brakes,24,0.20020868628253696,114.04062082619664,1510.1442407687266,130,0,250
AC-001,AC-001-brakes-3,brakes,25,0.1902269421622135,125.62468189050743,1529.5586101333772,130,0,250
AC-001,AC-001-brakes-3,brakes,26,0.20874277110855846,118.03449013155446,1510.374167379261,130,0,250
AC-001,AC-001-brakes-3,brakes,27,0.19886910416680384,127.83429700372119,1441.5586174735463,130,0,250
AC-001,AC-001-brakes-3,brakes,28,0.19872908947822032,104.44982403900802,1451.3849750931838,130,0,250
AC-001,AC-001-brakes-3,brakes,29,0.22449473344720866,127.56515985577349,1474.3787930014562,130,0,250
AC-001,AC-001-brakes-3,brakes,30,0.18178244815938654,96.71576929726679,1479.375134762021,130,0,250
AC-001,AC-001-brakes-3,brakes,31,0.24091902518371106,123.94035417170917,1478.6000314185153,130,0,250
AC-001,AC-001-brakes-3,brakes,32,0.21189140314250463,108.00385317604446,1486.165099119071,130,0,250
AC-001,AC-001-brakes-3,brakes,33,0.2067193620952361,119.83391478543162,1518.4969836507023,130,0,250
AC-001,AC-001-brakes-3,brakes,34,0.2107184783935408,125.90148814486398,1473.8000315330771,130,0,250
AC-001,AC-001-brakes-3,brakes,35,0.21934723112615823,133.61949558099192,1465.0155144104574,130,0,250
AC-001,AC-001-brakes-3,brakes,36,0.1929053651642816,131.30835469056186,1488.0388803991482,130,0,250
AC-001,AC-001-brakes-3,brakes,37,0.22762852088099836,117.11683430486254,1537.0801672881212,130,0,250
AC-001,AC-001-brakes-3,brakes,38,0.2089034872520818,122.75895058658155,1540.010340650097,130,0,250
AC-001,AC-001-brakes-3,brakes,39,0.20187424283833744,113.20110323260033,1479.2422737591494,130,0,250
AC-001,AC-001-brakes-3,brakes,40,0.2144650092596471,108.24192742255589,1511.4441270795335,130,0,250
AC-001,AC-001-brakes-3,brakes,41,0.19998723023573384,129.98938128586852,1420.1033908529857,130,0,250
AC-001,AC-001-brakes-3,brakes,42,0.1966687133734375,107.35497479012719,1466.7459160090814,130,0,250
AC-001,AC-001-brakes-3,brakes,43,0.21259018851663417,119.45370699640196,1483.5234729315596,130,0,250
AC-001,AC-001-brakes-3,brakes,44,0.2069050269292991,122.55638592495956,1460.4511187417068,130,0,250
AC-001,AC-001-brakes-3,brakes,45,0.22032274461348578,126.27332776308387,1501.831138129683,130,0,250
AC-001,AC-001-brakes-3,brakes,46,0.21850480164126895,123.38702400646928,1550.895399081932,130,0,250
AC-001,AC-001-brakes-3,brakes,47,0.20929678743421237,118.60365425332338,1466.7909725892787,130,0,250
AC-001,AC-001-brakes-3,brakes,48,0.19557525994133246,111.1501456991914,1462.2768806030726,130,0,250
AC-001,AC-001-brakes-3,brakes,49,0.21046459427521894,123.82684102798171,1490.0094617565649,130,0,250
AC-001,AC-001-brakes-3,brakes,50,0.20051697083855433,128.40147651215972,1510.1823801690284,130,0,250
AC-001,AC-001-brakes-3,brakes,51,0.21009007538866975,116.02515084268231,1503.9680376248941,130,0,250
AC-001,AC-001-brakes-3,brakes,52,0.21579880381229158,109.71290192467963,1484.9813923204679,130,0,250
AC-001,AC-001-brakes-3,brakes,53,0.21741373718111573,114.15076170809797,1492.2121017851234,130,0,250
AC-001,AC-001-brakes-3,brakes,54,0.19217446272113317,132.08916880009738,1523.4416995517831,130,0,250
AC-001,AC-001-brakes-3,brakes,55,0.21073223998545554,124.35963470271258,1413.1823410260038,130,0,250
AC-001,AC-001-brakes-3,brakes,56,0.19770758509602002,119.15504863878296,1452.7832093571942,130,0,250
AC-001,AC-001-brakes-3,brakes,57,0.2263111472394599,137.53789224598395,1449.1063584171209,130,0,250
AC-001,AC-001-brakes-3,brakes,58,0.20358524893872212,123.49830694647945,1532.1862844549885,130,0,250
AC-001,AC-001-brakes-3,brakes,59,0.19837318531190146,123.66316897845553,1537.9301655243933,130,0,250
AC-001,AC-001-brakes-3,brakes,60,0.19250361277731098,111.47944634523334,1470.0118018061748,130,0,250
AC-001,AC-001-brakes-3,brakes,61,0.21005197380716886,128.28689030202915,1489.3889915946252,130,0,250
AC-001,AC-001-brakes-3,brakes,62,0.19182676910536808,125.96840322320648,1464.2226333793305,130,0,250
AC-001,AC-001-brakes-3,brakes,63,0.2381679082541186,116.88441970850464,1461.8503415069329,130,0,250
AC-001,AC-001-brakes-3,brakes,64,0.227777774162068,128.0694918586955,1493.782180918086,130,0,250
AC-001,AC-001-brakes-3,brakes,65,0.19499604023922787,126.33227551942602,1448.690758449768,130,0,250
AC-001,AC-001-brakes-3,brakes,66,0.22443794167382397,110.70100451680752,1492.4808644262919,130,0,250
AC-001,AC-001-brakes-3,brakes,67,0.20944821643538944,111.89364279791582,1499.867404094472,130,0,250
AC-001,AC-001-brakes-3,brakes,68,0.2258198678251513,117.30770558885682,1521.3401654706317,130,0,250
AC-001,AC-001-brakes-3,brakes,69,0.21624301367645388,122.54214139176747,1485.214603430358,130,0,250
AC-001,AC-001-brakes-3,brakes,70,0.2142250109880708,126.12109034719944,1460.4764295850582,130,0,250
AC-001,AC-001-brakes-3,brakes,71,0.21802222516675687,133.32082111842672,1444.585618424627,130,0,250
AC-001,AC-001-brakes-3,brakes,72,0.18869149503605764,135.37581596009517,1551.59663857821,130,0,250
AC-001,AC-001-brakes-3,brakes,73,0.21950016101826003,107.06321567503852,1465.1062807141218,130,0,250
AC-001,AC-001-brakes-3,brakes,74,0.22199145575238996,121.10908927182194,1440.3135587423446,130,0,250
AC-001,AC-001-brakes-3,brakes,75,0.23569341713714717,126.8960590022887,1428.1678314054209,130,0,250
AC-001,AC-001-brakes-3,brakes,76,0.23821275097542333,139.19395985556713,1477.4340099731119,130,0,250
AC-001,AC-001-brakes-3,brakes,77,0.22339932256897244,121.70989428473983,1489.9985030090568,130,0,250
AC-001,AC-001-brakes-3,brakes,78,0.20324312591739174,124.23544562381842,1459.0828815161158,130,0,250
AC-001,AC-001-brakes-3,brakes,79,0.2576741751943407,121.60229812956032,1520.0798283335857,130,0,250
AC-001,AC-001-brakes-3,brakes,80,0.2141638895332699,127.77007333442234,1478.8620079137368,130,0,250
AC-001,AC-001-brakes-3,brakes,81,0.21845709128202825,124.56844891709552,1504.882765104948,130,0,250
AC-001,AC-001-brakes-3,brakes,82,0.227418324435701,109.69181880664189,1467.1979152056765,130,0,250
AC-001,AC-001-brakes-3,brakes,83,0.21953085357811233,120.56799249068894,1464.4851669094464,130,0,250
AC-001,AC-001-brakes-3,brakes,84,0.20828401675976727,110.46161328543458,1480.5932050657657,130,0,250
AC-001,AC-001-brakes-3,brakes,85,0.2268392195574548,102.95004526543546,1488.865321098244,130,0,250
AC-001,AC-001-brakes-3,brakes,86,0.2395863463291136,117.83908140770812,1424.9942936682528,130,0,250
AC-001,AC-001-brakes-3,brakes,87,0.24886831844471508,126.42792498048344,1535.146868480522,130,0,250
AC-001,AC-001-brakes-3,brakes,88,0.24347402898087409,126.81874513009612,1457.820962096743,130,0,250
AC-001,AC-001-brakes-3,brakes,89,0.25027243800801185,128.80276160998523,1499.5309502569557,130,0,250
AC-001,AC-001-brakes-3,brakes,90,0.23106015622044074,120.4047402164483,1446.7469048726405,130,0,250
AC-001,AC-001-brakes-3,brakes,91,0.25161082581768485,135.96187552237384,1446.4859852055208,130,0,250
AC-001,AC-001-brakes-3,brakes,92,0.23425559408310365,126.57533779095839,1451.999954999613,130,0,250
AC-001,AC-001-brakes-3,brakes,93,0.25579600479709835,106.13730167504764,1433.683648592493,130,0,250
AC-001,AC-001-brakes-3,brakes,94,0.23067655499057832,105.67843190091085,1428.6780466689358,130,0,250
AC-001,AC-001-brakes-3,brakes,95,0.22959265826231112,122.72316276384934,1490.068976749808,130,0,250
AC-001,AC-001-brakes-3,brakes,96,0.2405608902321395,116.17717023783078,1454.0545637635942,130,0,250
AC-001,AC-001-brakes-3,brakes,97,0.26090080432162027,116.70864947108078,1427.5195534823565,130,0,250
AC-001,AC-001-brakes-3,brakes,98,0.25447743438911336,122.83763107415359,1473.3253407212842,130,0,250
AC-001,AC-001-brakes-3,brakes,99,0.24684009812307056,130.31778918471653,1421.9028565787808,130,0,250
AC-001,AC-001-brakes-3,brakes,100,0.24781873023817602,123.11447988509474,1415.523272276876,130,0,250
AC-001,AC-001-brakes-3,brakes,101,0.2255126307819697,130.38247228219728,1440.5066285334608,130,0,250
AC-001,AC-001-brakes-3,brakes,102,0.23460499577529006,124.22448850461335,1483.9013657204791,130,0,250
AC-001,AC-001-brakes-3,brakes,103,0.21671213231942116,113.11921048077339,1421.390206743142,130,0,250
AC-001,AC-001-brakes-3,brakes,104,0.27383448300080493,127.45237586335438,1471.1027172138367,130,0,250
AC-001,AC-001-brakes-3,brakes,105,0.23581758621310658,116.3357129978358,1460.5144115016813,130,0,250
AC-001,AC-001-brakes-3,brakes,106,0.25480691496403174,129.78319055091302,1440.4370702721465,130,0,250
AC-001,AC-001-brakes-3,brakes,107,0.2591273558968194,126.76047267924088,1468.377821672548,130,0,250
AC-001,AC-001-brakes-3,brakes,108,0.26809232422916707,112.63974404486584,1376.5947433397744,130,0,250
AC-001,AC-001-brakes-3,brakes,109,0.2720549809647726,135.20468074609548,1412.3525094145998,130,0,250
AC-001,AC-001-brakes-3,brakes,110,0.2301824689018156,126.6002785680576,1469.8451467905159,130,0,250
AC-001,AC-001-brakes-3,brakes,111,0.2861047178365147,130.04446057681162,1429.7076991024292,130,0,250
AC-001,AC-001-brakes-3,brakes,112,0.2468142406762271,126.11273033336523,1430.8108588834423,130,0,250
AC-001,AC-001-brakes-3,brakes,113,0.24606518141406775,142.51916520690628,1492.2638520621638,130,0,250
AC-001,AC-001-brakes-3,brakes,114,0.27942153025333144,118.87127681752698,1463.2697797289184,130,0,250
AC-001,AC-001-brakes-3,brakes,115,0.2730743961424686,129.88836499363242,1474.0099580113133,130,0,250
AC-001,AC-001-brakes-3,brakes,116,0.2741193671429192,132.37899389043469,1454.5183885011663,130,0,250
AC-001,AC-001-brakes-3,brakes,117,0.2708190711200316,112.30183096228653,1436.8014323223167,130,0,250
AC-001,AC-001-brakes-3,brakes,118,0.2584923206172631,116.44479233887984,1483.6192985790246,130,0,250
AC-001,AC-001-brakes-3,brakes,119,0.2939077301132856,137.6710448023649,1439.6836025056762,130,0,250
AC-001,AC-001-brakes-3,brakes,120,0.2893793768142899,127.0084254448146,1436.9639183069335,130,0,250
AC-001,AC-001-brakes-3,brakes,121,0.2538747294430702,130.20361043599073,1431.5347778527325,129,0,250
AC-001,AC-001-brakes-3,brakes,122,0.251903418247483,126.73474310546722,1426.164913084296,128,0,250
AC-001,AC-001-brakes-3,brakes,123,0.29958261749966963,134.41562662810728,1427.7241631727438,127,0,250
AC-001,AC-001-brakes-3,brakes,124,0.27753660964701626,127.7341790248336,1420.1077804561337,126,0,250
AC-001,AC-001-brakes-3,brakes,125,0.2587635920391757,126.29158497914456,1402.6170523004246,125,0,250
AC-001,AC-001-brakes-3,brakes,126,0.25745006691615285,131.71025451638027,1435.5331397979971,124,0,250
AC-001,AC-001-brakes-3,brakes,127,0.25061858732947884,126.76044290003898,1452.4518415769976,123,0,250
AC-001,AC-001-brakes-3,brakes,128,0.2945315560834448,136.0710147430819,1422.5241962070438,122,0,250
AC-001,AC-001-brakes-3,brakes,129,0.26720112008046276,119.31808938113551,1430.4613471425107,121,0,250
AC-001,AC-001-brakes-3,brakes,130,0.2868092005154775,138.41064889284053,1451.8793895102626,120,0,250
AC-001,AC-001-brakes-3,brakes,131,0.28038937015203247,118.28363296911304,1408.054002089673,119,0,250
AC-001,AC-001-brakes-3,brakes,132,0.2868936679221579,126.74685403688476,1399.0279767576703,118,0,250
AC-001,AC-001-brakes-3,brakes,133,0.28870047222454853,124.45905806871512,1396.2508174882387,117,0,250
AC-001,AC-001-brakes-3,brakes,134,0.2908605925145516,125.40293935896635,1421.1343316693506,116,0,250
AC-001,AC-001-brakes-3,brakes,135,0.29157806034278183,119.6325679912674,1398.0827662840377,115,0,250
AC-001,AC-001-brakes-3,brakes,136,0.310347454098747,119.58144389812571,1347.719566530884,114,0,250
AC-001,AC-001-brakes-3,brakes,137,0.2621635227013624,129.24199957261334,1410.8363183409808,113,0,250
AC-001,AC-001-brakes-3,brakes,138,0.2896470371686232,138.854638631428,1328.403767006912,112,0,250
AC-001,AC-001-brakes-3,brakes,139,0.2986798081164624,141.76558561442857,1373.4257770532486,111,0,250
AC-001,AC-001-brakes-3,brakes,140,0.28838290232315156,123.38486466217105,1379.0896186176742,110,0,250
AC-001,AC-001-brakes-3,brakes,141,0.2905348699246544,140.96276226947603,1459.6928002646257,109,0,250
AC-001,AC-001-brakes-3,brakes,142,0.2917481116243978,144.91920171251576,1404.2800943095388,108,0,250
AC-001,AC-001-brakes-3,brakes,143,0.3244605654005162,129.06913080277207,1405.7765347813845,107,0,250
AC-001,AC-001-brakes-3,brakes,144,0.3050149170896425,155.38410943494029,1426.0057672453438,106,0,250
AC-001,AC-001-brakes-3,brakes,145,0.290311032050728,137.84398296220684,1388.2250238874697,105,0,250
AC-001,AC-001-brakes-3,brakes,146,0.29497054725648186,137.5004908791369,1398.6157676331345,104,0,250
AC-001,AC-001-brakes-3,brakes,147,0.30790183871767707,130.48420177492235,1406.374293798163,103,0,250
AC-001,AC-001-brakes-3,brakes,148,0.31151368846154226,115.01818453835666,1414.8579800582859,102,0,250
AC-001,AC-001-brakes-3,brakes,149,0.2918345087025455,119.1180869155247,1391.6828626842394,101,0,250
AC-001,AC-001-brakes-3,brakes,150,0.30925971504971683,125.25195068342177,1416.9309557300392,100,0,250
AC-001,AC-001-brakes-3,brakes,151,0.28931217250443636,127.68893000981953,1373.00897595201,99,0,250
AC-001,AC-001-brakes-3,brakes,152,0.31020039094491,133.3208342771779,1358.8640115112935,98,0,250
AC-001,AC-001-brakes-3,brakes,153,0.3232274401618434,131.7403389466776,1330.8784124006427,97,0,250
AC-001,AC-001-brakes-3,brakes,154,0.28445792839404455,131.2851256565655,1379.5341804664092,96,0,250
AC-001,AC-001-brakes-3,brakes,155,0.31376869829638054,131.30814034775827,1391.4467951853055,95,0,250
AC-001,AC-001-brakes-3,brakes,156,0.3310275441477245,122.79244079265952,1348.0280522129763,94,0,250
AC-001,AC-001-brakes-3,brakes,157,0.3019153421316893,134.14285333734966,1419.0332213593933,93,0,250
AC-001,AC-001-brakes-3,brakes,158,0.3133571084264074,111.96912124672276,1329.0530141216889,92,0,250
AC-001,AC-001-brakes-3,brakes,159,0.30885324915805984,127.6730489000383,1366.3995411823582,91,0,250
AC-001,AC-001-brakes-3,brakes,160,0.32345871684471383,129.79402935342043,1408.6001883163021,90,0,250
AC-001,AC-001-brakes-3,brakes,161,0.31428054041477954,125.54353632419566,1389.9454661556138,89,0,250
AC-001,AC-001-brakes-3,brakes,162,0.3029365689511082,135.71465364256,1377.105395511788,88,0,250
AC-001,AC-001-brakes-3,brakes,163,0.3253195626512275,145.4593288571941,1353.8025766411586,87,0,250
AC-001,AC-001-brakes-3,brakes,164,0.3600052725578612,131.1066284061752,1332.5887066508933,86,0,250
AC-001,AC-001-brakes-3,brakes,165,0.3317287937149224,124.45803839744987,1346.767324565595,85,0,250
AC-001,AC-001-brakes-3,brakes,166,0.3382242995002324,137.671536709201,1349.0661689923722,84,0,250
AC-001,AC-001-brakes-3,brakes,167,0.34867827717569605,142.64678206416906,1409.2218526968986,83,0,250
AC-001,AC-001-brakes-3,brakes,168,0.34341640110688587,144.4549496966856,1308.1008471607781,82,0,250
AC-001,AC-001-brakes-3,brakes,169,0.3323242017705731,126.77323794941259,1366.483975833822,81,0,250
AC-001,AC-001-brakes-3,brakes,170,0.330148261712049,132.54273726440215,1417.7452464061214,80,0,250
AC-001,AC-001-brakes-3,brakes,171,0.3378110030536943,137.34601853752173,1352.675120102273,79,0,250
AC-001,AC-001-brakes-3,brakes,172,0.3431388993193525,134.2484534434886,1371.4465219791948,78,0,250
AC-001,AC-001-brakes-3,brakes,173,0.36113881303320766,147.54507198082663,1365.6294024572749,77,0,250
AC-001,AC-001-brakes-3,brakes,174,0.354168003290534,125.32556392651546,1352.0388977275315,76,0,250
AC-001,AC-001-brakes-3,brakes,175,0.3611043419732538,141.62774910733722,1359.3482919838516,75,0,250
AC-001,AC-001-brakes-3,brakes,176,0.3619807093935193,138.79461367195054,1387.3243877477796,74,0,250
AC-001,AC-001-brakes-3,brakes,177,0.35471958735435666,132.1923334754317,1359.6960377079909,73,0,250
AC-001,AC-001-brakes-3,brakes,178,0.3081242843622084,138.27140589108038,1238.4644152435565,72,0,250
AC-001,AC-001-brakes-3,brakes,179,0.3279448488889187,138.99382880752788,1360.5290801180038,71,0,250
AC-001,AC-001-brakes-3,brakes,180,0.33808356829790104,129.85518366496848,1385.596229658424,70,0,250
AC-001,AC-001-brakes-3,brakes,181,0.3499923480264099,153.6686424992239,1342.6896044047096,69,0,250
AC-001,AC-001-brakes-3,brakes,182,0.365115742653219,148.83451518798887,1344.9356134858026,68,0,250
AC-001,AC-001-brakes-3,brakes,183,0.34571204028963803,135.1969003864457,1338.1844779142973,67,0,250
AC-001,AC-001-brakes-3,brakes,184,0.34203767521697653,134.2042234292734,1315.2254371800768,66,0,250
AC-001,AC-001-brakes-3,brakes,185,0.37814536635781154,136.70489499348204,1327.236127525573,65,0,250
AC-001,AC-001-brakes-3,brakes,186,0.36446807104066137,138.39105614724932,1352.4436259906934,64,0,250
AC-001,AC-001-brakes-3,brakes,187,0.35285551656995934,128.45241893902983,1365.2891764620758,63,0,250
AC-001,AC-001-brakes-3,brakes,188,0.3634661469169291,125.63038325922503,1343.663181281493,62,0,250
AC-001,AC-001-brakes-3,brakes,189,0.37841134709049035,124.90035794194637,1335.423651463908,61,0,250
AC-001,AC-001-brakes-3,brakes,190,0.3843137463864257,140.32309161365012,1345.6794445128419,60,0,250
AC-001,AC-001-brakes-3,brakes,191,0.3540447635286388,140.15920123996955,1315.8126072158866,59,0,250
AC-001,AC-001-brakes-3,brakes,192,0.3697053476191304,144.6591648753578,1367.4310353202268,58,0,250
AC-001,AC-001-brakes-3,brakes,193,0.40571075081900543,148.39798297204726,1317.9127745510946,57,0,250
AC-001,AC-001-bogie-4,bogie,1,0.252428703018911,80.52333110006867,208.23698262191684,130,0,270
AC-001,AC-001-bogie-4,bogie,2,0.24883492321116862,77.08394964819534,195.85307455426144,130,0,270
AC-001,AC-001-bogie-4,bogie,3,0.2627245038509712,80.0144423006023,203.39716149707843,130,0,270
AC-001,AC-001-bogie-4,bogie,4,0.26348388937079276,78.5050237231695,207.55370248677818,130,0,270
AC-001,AC-001-bogie-4,bogie,5,0.25770545289221314,75.0676063629165,214.40933049073763,130,0,270
AC-001,AC-001-bogie-4,bogie,6,0.24017029031004686,73.38949517046913,189.52980981771725,130,0,270
AC-001,AC-001-bogie-4,bogie,7,0.22983115439960228,80.22213634733247,197.23460879913296,130,0,270
AC-001,AC-001-bogie-4,bogie,8,0.24359257875418402,82.4963661609697,203.3636370138475,130,0,270
AC-001,AC-001-bogie-4,bogie,9,0.2567376240795524,81.661536051537,206.11690223557792,130,0,270
AC-001,AC-001-bogie-4,bogie,10,0.20835533645663218,78.56968183319182,178.14302967060593,130,0,270
AC-001,AC-001-bogie-4,bogie,11,0.25134362651949504,80.0146642702247,210.38893042965265,130,0,270
AC-001,AC-001-bogie-4,bogie,12,0.2744934285951632,80.85060636584898,194.91737688035198,130,0,270
AC-001,AC-001-bogie-4,bogie,13,0.26057256381470073,77.93469433410466,199.89334371876268,130,0,270
AC-001,AC-001-bogie-4,bogie,14,0.27073095679189024,77.82268690685164,207.94924181080634,130,0,270
AC-001,AC-001-bogie-4,bogie,15,0.2647054347812534,76.24256112653845,209.61548449205054,130,0,270
AC-001,AC-001-bogie-4,bogie,16,0.26528819933541364,80.47793674564976,192.23629902740524,130,0,270
AC-001,AC-001-bogie-4,bogie,17,0.23430250514289191,77.92863638648942,205.26737124471657,130,0,270
AC-001,AC-001-bogie-4,bogie,18,0.23255416331863868,81.83893788336837,187.4046669334383,130,0,270
AC-001,AC-001-bogie-4,bogie,19,0.2477756241959967,80.5376307988173,224.25322188954664,130,0,270
AC-001,AC-001-bogie-4,bogie,20,0.22451130005831693,85.99779763495917,201.27894540187555,130,0,270
AC-001,AC-001-bogie-4,bogie,21,0.26049195687883775,80.59437930787381,204.20529287331036,130,0,270
AC-001,AC-001-bogie-4,bogie,22,0.249416009846916,85.94898536231817,195.1697192847761,130,0,270
AC-001,AC-001-bogie-4,bogie,23,0.2753658848592228,77.56766183464859,199.10722090498578,130,0,270
AC-001,AC-001-bogie-4,bogie,24,0.23152371191715856,81.9781195727481,214.1352101865493,130,0,270
AC-001,AC-001-bogie-4,bogie,25,0.25166789697971464,79.38392496924472,188.5108948412,130,0,270
AC-001,AC-001-bogie-4,bogie,26,0.24889151318409788,73.81428249472157,190.50030106559635,130,0,270
AC-001,AC-001-bogie-4,bogie,27,0.25828572092218266,85.47605279096558,227.69210861229502,130,0,270
AC-001,AC-001-bogie-4,bogie,28,0.24230122010928157,85.95628978981907,202.00734647754186,130,0,270
AC-001,AC-001-bogie-4,bogie,29,0.2513011787523153,81.96110483022423,200.15771079016037,130,0,270
AC-001,AC-001-bogie-4,bogie,30,0.25683754414187404,78.61358092894024,185.52507624151767,130,0,270
AC-001,AC-001-bogie-4,bogie,31,0.2240709115874185,82.87662836714412,196.70570143110444,130,0,270
AC-001,AC-001-bogie-4,bogie,32,0.2433457117188108,80.3149552915291,207.38745695988328,130,0,270
AC-001,AC-001-bogie-4,bogie,33,0.25920913071237983,77.6745456855349,211.66539869229197,130,0,270
AC-001,AC-001-bogie-4,bogie,34,0.2875302121172458,82.29537339769745,209.10234156062884,130,0,270
AC-001,AC-001-bogie-4,bogie,35,0.2811406402654943,84.85647408317635,205.46883813600965,130,0,270
AC-001,AC-001-bogie-4,bogie,36,0.2686336076081643,82.43419784894157,188.31551214341846,130,0,270
AC-001,AC-001-bogie-4,bogie,37,0.2710566442071506,74.95232710589158,191.30283946795385,130,0,270
AC-001,AC-001-bogie-4,bogie,38,0.2834992848952564,83.75703977286184,214.08166465268852,130,0,270
AC-001,AC-001-bogie-4,bogie,39,0.25239058640032824,75.80828858551021,196.76106012806198,130,0,270
AC-001,AC-001-bogie-4,bogie,40,0.2602710786197086,80.75491234135455,210.458889835578,130,0,270
AC-001,AC-001-bogie-4,bogie,41,0.2514217108414949,81.86931758542843,189.19136910922046,130,0,270
AC-001,AC-001-bogie-4,bogie,42,0.26808041963495033,80.4963848180265,191.53396538258693,130,0,270
AC-001,AC-001-bogie-4,bogie,43,0.25479472962893096,79.77056724713526,196.28390824023674,130,0,270
AC-001,AC-001-bogie-4,bogie,44,0.29538567258197923,80.13735453672183,196.49876180631992,130,0,270
AC-001,AC-001-bogie-4,bogie,45,0.21846764751446385,76.97872614763764,196.25815464432534,130,0,270
AC-001,AC-001-bogie-4,bogie,46,0.24716772013901855,86.10735163551394,197.1895797220323,130,0,270
AC-001,AC-001-bogie-4,bogie,47,0.2871320537106449,80.8528542014964,199.1602070336259,130,0,270
AC-001,AC-001-bogie-4,bogie,48,0.26007592289760184,80.64728377191794,215.9237524996344,130,0,270
AC-001,AC-001-bogie-4,bogie,49,0.2159586085102431,72.65252758465955,193.25087056461032,130,0,270
AC-001,AC-001-bogie-4,bogie,50,0.2631506399432781,83.44628875529747,203.3591298677919,130,0,270
AC-001,AC-001-bogie-4,bogie,51,0.2556947113720182,84.78975501988063,208.87479353770016,130,0,270
AC-001,AC-001-bogie-4,bogie,52,0.26759062164600744,84.59246842437808,201.24277636545983,130,0,270
AC-001,AC-001-bogie-4,bogie,53,0.2532199279417086,83.56191207479289,199.56484178820105,130,0,270
AC-001,AC-001-bogie-4,bogie,54,0.26502679693508974,86.6918142887583,173.89127871459914,130,0,270
AC-001,AC-001-bogie-4,bogie,55,0.237207016185286,76.08162227255465,194.7075855682077,130,0,270
AC-001,AC-001-bogie-4,bogie,56,0.26103952384747775,74.83105406185706,188.42770637099323,130,0,270
AC-001,AC-001-bogie-4,bogie,57,0.24949612939249158,90.72105439299493,216.23470342808875,130,0,270
AC-001,AC-001-bogie-4,bogie,58,0.25906953839527824,79.46857493205127,186.66214384156012,130,0,270
AC-001,AC-001-bogie-4,bogie,59,0.2297437703363177,80.48748611307647,188.1114664501386,130,0,270
AC-001,AC-001-bogie-4,bogie,60,0.2668215078852783,74.58683092481375,190.4049467749221,130,0,270
AC-001,AC-001-bogie-4,bogie,61,0.2721134884081142,82.48568887124549,202.13301862720067,130,0,270
AC-001,AC-001-bogie-4,bogie,62,0.24336388286829957,84.47333825661906,189.88869236182788,130,0,270
AC-001,AC-001-bogie-4,bogie,63,0.2830738249588128,81.04633418241612,184.05834723144275,130,0,270
AC-001,AC-001-bogie-4,bogie,64,0.2647460047561128,82.58518610680102,203.8821915276541,130,0,270
AC-001,AC-001-bogie-4,bogie,65,0.2689137811457618,87.28623764745223,207.75686353976957,130,0,270
AC-001,AC-001-bogie-4,bogie,66,0.2672743250794124,84.19554897694285,216.94781139509175,130,0,270
AC-001,AC-001-bogie-4,bogie,67,0.3123012558016688,76.31955054529712,188.27156875125428,130,0,270
AC-001,AC-001-bogie-4,bogie,68,0.3034843839651297,77.0354629022736,184.23741445583494,130,0,270
AC-001,AC-001-bogie-4,bogie,69,0.2647668581267598,82.98707967740452,196.36368725487668,130,0,270
AC-001,AC-001-bogie-4,bogie,70,0.26219448890876057,78.64745742333517,190.18801481540652,130,0,270
AC-001,AC-001-bogie-4,bogie,71,0.2583408773856689,90.50952190690947,200.2091299162451,130,0,270
AC-001,AC-001-bogie-4,bogie,72,0.2944018477547614,79.46591234974652,195.29598878369507,130,0,270
AC-001,AC-001-bogie-4,bogie,73,0.26314147181292213,70.85516940380741,183.2959017445529,130,0,270
AC-001,AC-001-bogie-4,bogie,74,0.24195635068022753,72.5031968497848,185.04174633383653,130,0,270
AC-001,AC-001-bogie-4,bogie,75,0.3054342987728178,81.3654652057258,209.8192178701253,130,0,270
AC-001,AC-001-bogie-4,bogie,76,0.28793158569439614,84.71487179120084,187.82175707027386,130,0,270
AC-001,AC-001-bogie-4,bogie,77,0.29097799027726906,84.54146873327954,190.98030348369875,130,0,270
AC-001,AC-001-bogie-4,bogie,78,0.2924871037086196,83.93388683676847,191.1662021837609,130,0,270
AC-001,AC-001-bogie-4,bogie,79,0.25964854081960065,76.97569517720801,197.44063840961243,130,0,270
AC-001,AC-001-bogie-4,bogie,80,0.2894620080753748,78.58572658214639,196.7541936053049,130,0,270
AC-001,AC-001-bogie-4,bogie,81,0.2951607407227697,84.2727628586612,211.91880120122488,130,0,270
AC-001,AC-001-bogie-4,bogie,82,0.310128094010216,77.83955306184076,213.14642450964635,130,0,270
AC-001,AC-001-bogie-4,bogie,83,0.27481771270723965,86.06947753239659,196.89989369535314,130,0,270
AC-001,AC-001-bogie-4,bogie,84,0.27805330872715694,74.70501503003608,194.4127499595649,130,0,270
AC-001,AC-001-bogie-4,bogie,85,0.25597797315397014,85.85136429590882,211.20359186631703,130,0,270
AC-001,AC-001-bogie-4,bogie,86,0.27210704770377814,83.23696390286172,188.68792291435096,130,0,270
AC-001,AC-001-bogie-4,bogie,87,0.2763654905824494,85.17452202533804,195.46153096181277,130,0,270
AC-001,AC-001-bogie-4,bogie,88,0.3246283517851223,80.19562426900175,205.74425495711802,130,0,270
AC-001,AC-001-bogie-4,bogie,89,0.29269415303281815,85.35622589357226,191.18219571750987,130,0,270
AC-001,AC-001-bogie-4,bogie,90,0.290675489915635,81.76022670502648,187.19498440709768,130,0,270
AC-001,AC-001-bogie-4,bogie,91,0.30583936731714945,84.87287530900755,201.39178837566746,130,0,270
AC-001,AC-001-bogie-4,bogie,92,0.32427840772855865,88.11946425295619,191.6063830054867,130,0,270
AC-001,AC-001-bogie-4,bogie,93,0.3019517871094243,79.87843674914,195.48787414879988,130,0,270
AC-001,AC-001-bogie-4,bogie,94,0.2834576859147421,88.9044238977239,198.78869618107024,130,0,270
AC-001,AC-001-bogie-4,bogie,95,0.2920643145572531,87.25046880045706,173.34185687598278,130,0,270
AC-001,AC-001-bogie-4,bogie,96,0.2571253555101016,85.71174968260749,195.5478943577169,130,0,270
AC-001,AC-001-bogie-4,bogie,97,0.30340913176653206,77.27575989399604,194.6049742769559,130,0,270
AC-001,AC-001-bogie-4,bogie,98,0.3394734803890968,85.93164072884052,196.427380952114,130,0,270
AC-001,AC-001-bogie-4,bogie,99,0.2916355884645679,81.1105974814113,173.33024333022206,130,0,270
AC-001,AC-001-bogie-4,bogie,100,0.3065931376365302,86.12541665889313,178.7568382783624,130,0,270
AC-001,AC-001-bogie-4,bogie,101,0.28924594198925463,78.16876972895383,184.74923153613733,130,0,270
AC-001,AC-001-bogie-4,bogie,102,0.3045881510549565,74.51671236770042,200.434062408262,130,0,270
AC-001,AC-001-bogie-4,bogie,103,0.31965014666616337,81.90615206211848,169.37179007162234,130,0,270
AC-001,AC-001-bogie-4,bogie,104,0.2857094875622567,87.89896027413369,166.28535211726847,130,0,270
AC-001,AC-001-bogie-4,bogie,105,0.29976249471909255,78.30468824415566,201.99632029979898,130,0,270
AC-001,AC-001-bogie-4,bogie,106,0.2942960748665958,84.69839495811391,199.489446441348,130,0,270
AC-001,AC-001-bogie-4,bogie,107,0.34561854971641115,82.32924731446175,197.47841351789964,130,0,270
AC-001,AC-001-bogie-4,bogie,108,0.28029889041745126,87.96165425317498,185.99491151928635,130,0,270
AC-001,AC-001-bogie-4,bogie,109,0.299901171862278,83.17054242828492,177.85208933123798,130,0,270
AC-001,AC-001-bogie-4,bogie,110,0.3168181989324882,87.18948100390855,196.2901064105559,130,0,270
AC-001,AC-001-bogie-4,bogie,111,0.2816016783460551,82.88500973626161,200.6597952026344,130,0,270
AC-001,AC-001-bogie-4,bogie,112,0.2769669736518753,79.14236255652612,201.88258281722122,130,0,270
AC-001,AC-001-bogie-4,bogie,113,0.32108606506254656,85.15104133536572,211.5886380625157,130,0,270
AC-001,AC-001-bogie-4,bogie,114,0.3262229074219759,86.19698414049815,219.9765910746524,130,0,270
AC-001,AC-001-bogie-4,bogie,115,0.3137537442291367,80.43672683304317,197.02144820743703,130,0,270
AC-001,AC-001-bogie-4,bogie,116,0.32799792758366264,81.58477080532903,182.2927650582238,130,0,270
AC-001,AC-001-bogie-4,bogie,117,0.36661355510846827,85.06292943710766,185.16603507486812,130,0,270
AC-001,AC-001-bogie-4,bogie,118,0.33994412044888417,83.3834468285969,189.8311306671372,130,0,270
AC-001,AC-001-bogie-4,bogie,119,0.33409010764405117,78.71751893804718,195.75617601722385,130,0,270
AC-001,AC-001-bogie-4,bogie,120,0.36233317022870914,85.81532793273986,188.3366443942641,130,0,270
AC-002,AC-002-engine-5,engine,1,0.29246144746983455,554.5869282991229,38.266478396791015,130,0,160
AC-002,AC-002-engine-5,engine,2,0.3173103135082427,548.1230517492872,40.37569778569537,130,0,160
AC-002,AC-002-engine-5,engine,3,0.2776184449209827,556.6914951779971,41.24282246017187,130,0,160
AC-002,AC-002-engine-5,engine,4,0.31947306051500146,542.5121636210323,40.82412107106605,130,0,160
AC-002,AC-002-engine-5,engine,5,0.30853655487771414,542.1079211080871,39.967890116229185,130,0,160
AC-002,AC-002-engine-5,engine,6,0.3079235022806653,552.9737357441157,40.16601136694886,130,0,160
AC-002,AC-002-engine-5,engine,7,0.3066859564619476,557.6312405550154,41.21072140991068,130,0,160
AC-002,AC-002-engine-5,engine,8,0.2437839009243451,548.7565572258115,39.81534897245604,130,0,160
AC-002,AC-002-engine-5,engine,9,0.2663818566704606,550.9059738849115,41.22344527241051,130,0,160
AC-002,AC-002-engine-5,engine,10,0.2800264553081882,552.2191140684494,39.052926522703565,130,0,160
AC-002,AC-002-engine-5,engine,11,0.28868871265140644,558.0368705146002,39.419629679888175,130,0,160
AC-002,AC-002-engine-5,engine,12,0.31177549978021246,541.4173469196951,41.81731756139488,130,0,160
AC-002,AC-002-engine-5,engine,13,0.3150237520511299,549.9952156304987,40.522734009999894,130,0,160
AC-002,AC-002-engine-5,engine,14,0.27524892392104383,556.9653880837633,39.61476522450357,130,0,160
AC-002,AC-002-engine-5,engine,15,0.2998736878240313,548.7502180189226,39.34903609725441,130,0,160
AC-002,AC-002-engine-5,engine,16,0.3183934122325682,552.6545342505211,40.57174814140304,130,0,160
AC-002,AC-002-engine-5,engine,17,0.30490418433528854,554.1182451491359,39.49083875607496,130,0,160
AC-002,AC-002-engine-5,engine,18,0.35028994932819096,543.9005822928475,41.159687323562984,130,0,160
AC-002,AC-002-engine-5,engine,19,0.3337038521394194,547.6781708139221,42.116461110555974,130,0,160
AC-002,AC-002-engine-5,engine,20,0.32694105565890635,557.0041325341145,39.903022187025876,130,0,160
AC-002,AC-002-engine-5,engine,21,0.3034074299606265,551.321608208552,40.25271809631951,130,0,160
AC-002,AC-002-engine-5,engine,22,0.3365315380006779,553.5061804643071,38.937306376862715,130,0,160
AC-002,AC-002-engine-5,engine,23,0.3257873693726996,557.447062325724,40.48934702844779,130,0,160
AC-002,AC-002-engine-5,engine,24,0.32503497813049964,551.7391093492109,38.89101083286942,130,0,160
AC-002,AC-002-engine-5,engine,25,0.2936224595121844,545.1796173514607,40.04163611154595,130,0,160
AC-002,AC-002-engine-5,engine,26,0.3102138368354681,551.4309208523515,36.83313117565493,130,0,160
AC-002,AC-002-engine-5,engine,27,0.2878681037311166,559.5197306007658,39.10756149993687,130,0,160
AC-002,AC-002-engine-5,engine,28,0.3209930835531368,547.2575103501238,41.193705482359235,130,0,160
AC-002,AC-002-engine-5,engine,29,0.3119026499239064,555.9672918261676,42.062967291881684,130,0,160
AC-002,AC-002-engine-5,engine,30,0.34614911451178804,553.3011562685647,39.12552981512964,130,0,160
AC-002,AC-002-engine-5,engine,31,0.31038167789460935,557.7111123361327,39.594463365749135,129,0,160
AC-002,AC-002-engine-5,engine,32,0.3100951170999306,562.8359062535452,39.56579010822216,128,0,160
AC-002,AC-002-engine-5,engine,33,0.36513435998574634,556.3028339125109,41.44500589422472,127,0,160
AC-002,AC-002-engine-5,engine,34,0.32746670095421254,561.0237872412472,38.914138948482275,126,0,160
AC-002,AC-002-engine-5,engine,35,0.3044580186732518,558.8781196188249,40.605740742465315,125,0,160
AC-002,AC-002-engine-5,engine,36,0.3235863800400092,550.5289708245815,38.23474163371067,124,0,160
AC-002,AC-002-engine-5,engine,37,0.29552172508127517,548.5149167790531,39.68167285944708,123,0,160
AC-002,AC-002-engine-5,engine,38,0.3478836909341605,557.6887804403759,37.28833524266214,122,0,160
AC-002,AC-002-engine-5,engine,39,0.322921118918309,557.3554386105869,41.62068625022544,121,0,160
AC-002,AC-002-engine-5,engine,40,0.29898224174160887,556.640361987004,41.20585268054457,120,0,160
AC-002,AC-002-engine-5,engine,41,0.33854839495193095,561.8453739613321,39.58927193702388,119,0,160
AC-002,AC-002-engine-5,engine,42,0.3376066832731453,563.3626570263926,38.63926368110723,118,0,160
AC-002,AC-002-engine-5,engine,43,0.350063124703164,553.0661372593223,39.750555472831536,117,0,160
AC-002,AC-002-engine-5,engine,44,0.33760606926572656,557.3169720590395,39.372314724674354,116,0,160
AC-002,AC-002-engine-5,engine,45,0.3231449000716889,555.5179582094413,39.01357275838635,115,0,160
AC-002,AC-002-engine-5,engine,46,0.3151155397925668,562.9792216954662,38.18866450584763,114,0,160
AC-002,AC-002-engine-5,engine,47,0.353069618584821,555.9573507541058,38.743392584419,113,0,160
AC-002,AC-002-engine-5,engine,48,0.3280079318356964,569.0007336443742,39.61028994561659,112,0,160
AC-002,AC-002-engine-5,engine,49,0.3379704020741121,565.3895932990986,37.142495152670314,111,0,160
AC-002,AC-002-engine-5,engine,50,0.34308264070718186,573.4153052640238,39.35109650640267,110,0,160
AC-002,AC-002-engine-5,engine,51,0.3470789665083867,566.7108567419609,40.08279274331434,109,0,160
AC-002,AC-002-engine-5,engine,52,0.30758191614220276,556.1118050910449,39.365291291086145,108,0,160
AC-002,AC-002-engine-5,engine,53,0.3350794218870498,571.6475286548496,38.80701311011478,107,0,160
AC-002,AC-002-engine-5,engine,54,0.3125671977857376,559.32203979078,36.33907398036942,106,0,160
AC-002,AC-002-engine-5,engine,55,0.34849131737934175,565.3056379574281,38.6302247902181,105,0,160
AC-002,AC-002-engine-5,engine,56,0.37670258078059476,572.8363491825835,38.849611576643895,104,0,160
AC-002,AC-002-engine-5,engine,57,0.3144174547754629,570.5370914962112,39.540047728508576,103,0,160
AC-002,AC-002-engine-5,engine,58,0.3653206439031389,572.9757581215406,37.78392190353895,102,0,160
AC-002,AC-002-engine-5,engine,59,0.40136456084870276,563.8996385780407,39.661410427200856,101,0,160
AC-002,AC-002-engine-5,engine,60,0.32953429611173296,564.6846140636497,40.39136864672533,100,0,160
AC-002,AC-002-engine-5,engine,61,0.360190206664983,574.185452869414,39.074142888719244,99,0,160
AC-002,AC-002-engine-5,engine,62,0.36547114937999653,577.4657359996635,38.5620911753481,98,0,160
AC-002,AC-002-engine-5,engine,63,0.3341528159737306,567.3016706339914,39.310879228701694,97,0,160
AC-002,AC-002-engine-5,engine,64,0.37991018212725014,564.1647087488228,37.995657480591795,96,0,160
AC-002,AC-002-engine-5,engine,65,0.36263315114095507,570.8655231231788,37.30377391139845,95,0,160
AC-002,AC-002-engine-5,engine,66,0.36400289033761035,569.7534319487023,39.41028325976192,94,0,160
AC-002,AC-002-engine-5,engine,67,0.3950906293448049,573.3817875533059,38.20514770412927,93,0,160
AC-002,AC-002-engine-5,engine,68,0.38407973624078223,570.7530619627221,37.40816791783256,92,0,160
AC-002,AC-002-engine-5,engine,69,0.36488502894648567,572.3977115238927,37.348713700207725,91,0,160
AC-002,AC-002-engine-5,engine,70,0.38937400368125746,579.9669377439185,36.88165169920176,90,0,160
AC-002,AC-002-engine-5,engine,71,0.38911390234932064,575.9760046174183,38.7661961855368,89,0,160
AC-002,AC-002-engine-5,engine,72,0.39086622463792825,570.5757536003418,37.11761070114284,88,0,160
AC-002,AC-002-landing_gear-6,landing_gear,1,0.12786085789976312,61.037361846750954,3059.473815970534,130,0,287
AC-002,AC-002-landing_gear-6,landing_gear,2,0.14848066767871046,61.651335917464166,2964.817408779716,130,0,287
AC-002,AC-002-landing_gear-6,landing_gear,3,0.14883092249896962,55.138898411191434,2882.7172759344207,130,0,287
AC-002,AC-002-landing_gear-6,landing_gear,4,0.15947136377534324,57.04792893436604,2977.1070590482536,130,0,287
AC-002,AC-002-landing_gear-6,landing_gear,5,0.13620386772212695,55.774643574403626,2991.126007649059,130,0,287
AC-002,AC-002-landing_gear-6,landing_gear,6,0.1428025660255971,61.14046885844767,3022.3646863704366,130,0,287
AC-002,AC-002-landing_gear-6,landing_gear,7,0.15334234536271069,60.72472563274964,3078.531479848022,130,0,287
AC-002,AC-002-landing_gear-6,landing_gear,8,0.13949888536191307,59.84685027154871,3056.168296219681,130,0,287
AC-002,AC-002-landing_gear-6,landing_gear,9,0.16286665851902593,55.749459747009325,2983.792200115485,130,0,287
AC-002,AC-002-landing_gear-6,landing_gear,10,0.1638543719779881,61.54244805021823,3009.034722189147,130,0,287
AC-002,AC-002-landing_gear-6,landing_gear,11,0.14815367789902523,58.87063221176821,3013.5295535988585,130,0,287
AC-002,AC-002-brakes-7,brakes,1,0.18983413540593086,124.25755582438485,1587.4221311191293,130,0,240
AC-002,AC-002-brakes-7,brakes,2,0.17336603374344223,122.59418352685317,1477.1734640080995,130,0,240
AC-002,AC-002-brakes-7,brakes,3,0.20870791366278876,120.37714728662289,1522.8087682212738,130,0,240
AC-002,AC-002-brakes-7,brakes,4,0.21771593198096503,121.54770227547878,1533.878235319092,130,0,240
AC-002,AC-002-brakes-7,brakes,5,0.16496573992650318,132.7366392166615,1511.121656223437,130,0,240
AC-002,AC-002-brakes-7,brakes,6,0.21635515033617775,110.25974404126782,1474.88940355184,130,0,240
AC-002,AC-002-brakes-7,brakes,7,0.20244428274550497,119.88921771863363,1508.2368493069664,130,0,240
AC-002,AC-002-brakes-7,brakes,8,0.21660106074728283,105.91157081091053,1528.881238818186,130,0,240
AC-002,AC-002-brakes-7,brakes,9,0.2005461036493689,118.41193261100362,1455.4446679684534,130,0,240
AC-002,AC-002-brakes-7,brakes,10,0.20806656335898632,100.73922052508503,1518.930987003828,130,0,240
AC-002,AC-002-brakes-7,brakes,11,0.17824862080123846,120.49068413427314,1495.7947265468292,130,0,240
AC-002,AC-002-brakes-7,brakes,12,0.21829307220940827,118.64575864788888,1478.42584316563,130,0,240
AC-002,AC-002-brakes-7,brakes,13,0.1932811678937653,130.27108298337063,1515.2087007420935,130,0,240
AC-002,AC-002-brakes-7,brakes,14,0.19523638361048593,118.21051197361723,1451.9638539491034,130,0,240
AC-002,AC-002-brakes-7,brakes,15,0.2069989880127731,106.03866183843627,1521.3820189750636,130,0,240
AC-002,AC-002-brakes-7,brakes,16,0.20326265722070233,139.22894772992473,1465.6626000549377,130,0,240
AC-002,AC-002-brakes-7,brakes,17,0.19996527696772387,134.53682244071783,1534.2364808754091,130,0,240
AC-002,AC-002-brakes-7,brakes,18,0.19124431922630153,121.96048942698758,1498.3724806924527,130,0,240
AC-002,AC-002-brakes-7,brakes,19,0.2061095463442457,114.5985773454547,1495.4401795856447,130,0,240
AC-002,AC-002-brakes-7,brakes,20,0.17811254770418264,121.28932094827799,1511.4172868693217,130,0,240
AC-002,AC-002-brakes-7,brakes,21,0.7988855838103418,107.30928037532169,1527.3590808855438,130,1,240
AC-002,AC-002-brakes-7,brakes,22,0.20798870890322538,114.44396255172552,1489.0611532615249,130,0,240
AC-002,AC-002-brakes-7,brakes,23,0.18024516729160578,112.0722398111101,1481.1104512759525,130,0,240
AC-002,AC-002-brakes-7,brakes,24,0.22142631218420228,115.1839728729002,1516.2064097798627,130,0,240
AC-002,AC-002-brakes-7,brakes,25,0.19518046529040967,122.30910132014833,1492.5029266023528,130,0,240
AC-002,AC-002-brakes-7,brakes,26,0.2166166823347245,116.07359262758487,1449.3033191665936,130,0,240
AC-002,AC-002-brakes-7,brakes,27,0.18306763952954552,116.12466754845795,1458.7313258796585,130,0,240
AC-002,AC-002-brakes-7,brakes,28,0.2102365135685266,116.68218801446871,1567.1548631674598,130,0,240
AC-002,AC-002-brakes-7,brakes,29,0.17831448940627637,122.06708626301175,1461.7812009614968,130,0,240
AC-002,AC-002-brakes-7,brakes,30,0.19728647989425985,121.60010578672436,1425.5513587537714,130,0,240
AC-002,AC-002-brakes-7,brakes,31,0.20855760008515375,135.72378053152667,1481.391642715609,130,0,240
AC-002,AC-002-brakes-7,brakes,32,0.20923045118541597,128.73270687833653,1489.7480616658568,130,0,240
AC-002,AC-002-brakes-7,brakes,33,0.19695747217202775,102.36129627022598,1513.5578465818492,130,0,240
AC-002,AC-002-brakes-7,brakes,34,0.20432330718739988,112.50061252222804,1497.7770679749976,130,0,240
AC-002,AC-002-brakes-7,brakes,35,0.1976250029812406,116.41061178440913,1511.808526349928,130,0,240
AC-002,AC-002-brakes-7,brakes,36,0.18667426383014235,129.05352228859007,1451.3194151064479,130,0,240
AC-002,AC-002-brakes-7,brakes,37,0.1971896872080044,136.09659038586594,1526.6904345159394,130,0,240
AC-002,AC-002-brakes-7,brakes,38,0.20898489322076494,113.2278416093236,1476.60099746567,130,0,240
AC-002,AC-002-brakes-7,brakes,39,0.20902100471878546,121.09237335871678,1489.3519971112212,130,0,240
AC-002,AC-002-brakes-7,brakes,40,0.2078708456220706,119.11833245569241,1448.4073045974665,130,0,240
AC-002,AC-002-brakes-7,brakes,41,0.20100754720092084,128.19251326522811,1450.1947627401332,130,0,240
AC-002,AC-002-brakes-7,brakes,42,0.20634416732691083,114.36071856983325,1494.1530128819434,130,0,240
AC-002,AC-002-brakes-7,brakes,43,0.20380071061733107,132.7821701531307,1505.5672862923743,130,0,240
AC-002,AC-002-brakes-7,brakes,44,0.19040628584667518,126.37815742624292,1466.6771109788049,130,0,240
AC-002,AC-002-brakes-7,brakes,45,0.201891929429337,123.56523966085697,1474.700702408096,130,0,240
AC-002,AC-002-brakes-7,brakes,46,0.22441367057817768,114.90600284122618,1470.4107700889258,130,0,240
AC-002,AC-002-brakes-7,brakes,47,0.2016596449301117,116.62541084649303,1521.470538333101,130,0,240
AC-002,AC-002-brakes-7,brakes,48,0.22143194440415456,134.87955163209656,1556.0293261169777,130,0,240
AC-002,AC-002-brakes-7,brakes,49,0.19704445285434824,121.81387385195166,1452.2087821673638,130,0,240
AC-002,AC-002-brakes-7,brakes,50,0.20135674441710935,116.26142325128798,1455.2645204425185,130,0,240
AC-002,AC-002-brakes-7,brakes,51,0.1977685659065238,120.20041247183796,1449.951572448408,130,0,240
AC-002,AC-002-brakes-7,brakes,52,0.22671523772039784,114.06630503399322,1570.2037357695585,130,0,240
AC-002,AC-002-brakes-7,brakes,53,0.20785944156886743,122.03916196866975,1446.5095561326857,130,0,240
AC-002,AC-002-brakes-7,brakes,54,0.24077887637191459,130.47475544642333,1493.7199761220834,130,0,240
AC-002,AC-002-brakes-7,brakes,55,0.19555317010163986,123.26085585513029,1450.601860286149,130,0,240
AC-002,AC-002-brakes-7,brakes,56,0.23826866228543375,128.10689118815873,1486.5298378212988,130,0,240
AC-002,AC-002-brakes-7,brakes,57,0.1803762400512902,113.82485967072776,1503.7109589479962,130,0,240
AC-002,AC-002-brakes-7,brakes,58,0.23571408870918067,130.62544182527037,1434.718776599423,130,0,240
AC-002,AC-002-brakes-7,brakes,59,0.22265349293552691,129.93714256519678,1432.1197246991994,130,0,240
AC-002,AC-002-brakes-7,brakes,60,0.21863143226940146,124.06573918646765,1472.227062454598,130,0,240
AC-002,AC-002-brakes-7,brakes,61,0.19159778050231532,119.33243595274351,1470.800628759016,130,0,240
AC-002,AC-002-brakes-7,brakes,62,0.21779974726511706,117.49431192993278,1466.6888020694228,130,0,240
AC-002,AC-002-brakes-7,brakes,63,0.22007628076479535,125.6068243397577,1470.1953221142999,130,0,240
AC-002,AC-002-brakes-7,brakes,64,0.21518859940781332,122.872165639369,1421.0391888898114,130,0,240
AC-002,AC-002-brakes-7,brakes,65,0.22916073524173022,122.19601605634966,1479.1855974645937,130,0,240
AC-002,AC-002-brakes-7,brakes,66,0.23709851461391696,106.64622575961401,1418.097483904231,130,0,240
AC-002,AC-002-bogie-8,bogie,1,0.2407630921724119,82.65771515967229,209.32578750448604,130,0,258
AC-002,AC-002-bogie-8,bogie,2,0.25970218058247385,78.95788801723198,178.92070242215536,130,0,258
AC-002,AC-002-bogie-8,bogie,3,0.26543542724348995,84.88961882928358,206.4401757910134,130,0,258
AC-002,AC-002-bogie-8,bogie,4,0.2324972902664231,82.69998497807228,208.59568227281196,130,0,258
AC-002,AC-002-bogie-8,bogie,5,0.28131716685250235,76.5030718709026,197.72043101892976,130,0,258
AC-002,AC-002-bogie-8,bogie,6,0.26514825335385883,80.24045694340542,188.80509066418168,130,0,258
AC-002,AC-002-bogie-8,bogie,7,0.2585683758177145,82.32936920817696,200.85018361747743,130,0,258
AC-002,AC-002-bogie-8,bogie,8,0.2547522537986917,78.98440600686203,214.7443301299507,130,0,258
AC-002,AC-002-bogie-8,bogie,9,0.23244248407047333,77.67505442866366,200.06118017583773,130,0,258
AC-002,AC-002-bogie-8,bogie,10,0.2681424481401004,74.04055359087958,186.83693995983015,130,0,258
AC-002,AC-002-bogie-8,bogie,11,0.20992710462446557,80.16713688923494,188.74422985149084,130,0,258
AC-002,AC-002-bogie-8,bogie,12,0.24312024712360053,82.68877939017797,193.49803953094926,130,0,258
AC-002,AC-002-bogie-8,bogie,13,0.2555777316753468,78.8534265674187,206.61958675411321,130,0,258
AC-002,AC-002-bogie-8,bogie,14,0.260606761815682,77.29115590696674,198.19570108266512,130,0,258
AC-002,AC-002-bogie-8,bogie,15,0.2721424450230957,81.6411115913463,185.89517120182887,130,0,258
AC-002,AC-002-bogie-8,bogie,16,0.264554582243799,75.73847596467486,213.97129379077043,130,0,258
AC-002,AC-002-bogie-8,bogie,17,0.27211010912059913,81.24637562760846,201.39866098649222,130,0,258
AC-002,AC-002-bogie-8,bogie,18,0.24764466585835915,82.81144572447518,196.09751846762924,130,0,258
AC-002,AC-002-bogie-8,bogie,19,0.25674515439855594,83.59620450531823,194.16500048626327,130,0,258
AC-002,AC-002-bogie-8,bogie,20,0.23992961554451636,75.34272316213311,189.11490236867638,130,0,258
AC-002,AC-002-bogie-8,bogie,21,0.2159165448257941,83.05181921230873,217.82413730833449,130,0,258
AC-002,AC-002-bogie-8,bogie,22,0.28123327798604575,73.64108599838137,206.95769880978713,130,0,258
AC-002,AC-002-bogie-8,bogie,23,0.28142234152884793,78.33170485199877,200.69658475659364,130,0,258
AC-002,AC-002-bogie-8,bogie,24,0.21308713627974218,81.24001119435114,189.01826966076368,130,0,258
AC-002,AC-002-bogie-8,bogie,25,0.25751374777124636,73.94297750660533,205.05300385405425,130,0,258
AC-002,AC-002-bogie-8,bogie,26,0.27429861839045194,77.07039334684163,188.22454859849105,130,0,258
AC-002,AC-002-bogie-8,bogie,27,0.2109864888515423,79.1533831811682,193.74598602224614,130,0,258
AC-002,AC-002-bogie-8,bogie,28,0.2233964136279262,82.04763779190935,195.0291706480322,130,0,258
AC-002,AC-002-bogie-8,bogie,29,0.23322320222604975,78.03439951871579,210.207667106741,130,0,258
AC-002,AC-002-bogie-8,bogie,30,0.26712904714984753,79.75031219532566,205.65021730200928,130,0,258
AC-002,AC-002-bogie-8,bogie,31,0.2321957233745187,80.41822506969498,200.895733971291,130,0,258
AC-002,AC-002-bogie-8,bogie,32,0.246372153911511,82.0495071615089,191.58031781819702,130,0,258
AC-002,AC-002-bogie-8,bogie,33,0.2663314871679615,82.53463898012193,170.17399340503584,130,0,258
AC-002,AC-002-bogie-8,bogie,34,0.2803186433653168,68.15680463432842,193.14483995295987,130,0,258
AC-002,AC-002-bogie-8,bogie,35,0.27740821361466655,79.09891992189752,184.60200652949,130,0,258
AC-002,AC-002-bogie-8,bogie,36,0.23542650268129667,84.49702266078275,180.0061553435131,130,0,258
AC-002,AC-002-bogie-8,bogie,37,0.2802923242727107,80.19092505734926,187.2533797885388,130,0,258
AC-002,AC-002-bogie-8,bogie,38,0.24647272649697846,76.36497079255516,207.79451569466184,130,0,258
AC-002,AC-002-bogie-8,bogie,39,0.2732173771795726,73.580359250326,195.0500712431463,130,0,258
AC-002,AC-002-bogie-8,bogie,40,0.2417501681304355,85.65478021396127,185.53752813848823,130,0,258
AC-002,AC-002-bogie-8,bogie,41,0.29155479121574823,80.37189886177481,187.37050029651402,130,0,258
AC-002,AC-002-bogie-8,bogie,42,0.24639232053831095,77.32354086191268,186.19378352987198,130,0,258
AC-002,AC-002-bogie-8,bogie,43,0.2623132038612742,75.64389335278818,177.085226801507,130,0,258
AC-002,AC-002-bogie-8,bogie,44,0.25331326704959506,73.37027102587827,191.31499969622521,130,0,258
AC-002,AC-002-bogie-8,bogie,45,0.24322613584610486,77.12357270486592,218.79275702996318,130,0,258
AC-002,AC-002-bogie-8,bogie,46,0.2630490894648985,81.61726313579504,180.96445883694963,130,0,258
AC-002,AC-002-bogie-8,bogie,47,0.24936552730382547,81.52493265184945,188.4272666067031,130,0,258
AC-002,AC-002-bogie-8,bogie,48,0.28114124605370205,75.88147974617414,195.75180646179172,130,0,258
AC-002,AC-002-bogie-8,bogie,49,0.2518054229423312,81.37869361042593,192.15227733564922,130,0,258
AC-002,AC-002-bogie-8,bogie,50,0.25866631711064547,79.80663641433148,191.15380886320014,130,0,258
AC-002,AC-002-bogie-8,bogie,51,0.27435506828394984,81.73505701476343,197.55085351664087,130,0,258
AC-002,AC-002-bogie-8,bogie,52,0.25662429285843347,83.9986272968892,196.01675521223976,130,0,258
AC-002,AC-002-bogie-8,bogie,53,0.25969104973654056,81.26275987918233,215.27786731044887,130,0,258
AC-002,AC-002-bogie-8,bogie,54,0.23962067464974357,83.95557684209703,179.31598984786774,130,0,258
AC-002,AC-002-bogie-8,bogie,55,0.2713873326435701,87.20923101598147,203.06888583357997,130,0,258
AC-002,AC-002-bogie-8,bogie,56,0.2710797090703452,78.70045319143033,198.4259698716003,130,0,258
AC-002,AC-002-bogie-8,bogie,57,0.26326255656375547,77.83229692143844,195.14883713892357,130,0,258
AC-002,AC-002-bogie-8,bogie,58,0.27291930880834636,77.9418882909877,189.9156686629326,130,0,258
AC-002,AC-002-bogie-8,bogie,59,0.24240595691969066,82.6088108068374,203.36141121470698,130,0,258
AC-002,AC-002-bogie-8,bogie,60,0.27491444198370274,84.9423477361932,198.71534484025022,130,0,258
AC-002,AC-002-bogie-8,bogie,61,0.27880312662544743,82.33337145605064,196.84855629881716,130,0,258
AC-002,AC-002-bogie-8,bogie,62,0.26103941344642095,90.01158913031504,193.1705328671701,130,0,258
AC-002,AC-002-bogie-8,bogie,63,0.25904250526920836,82.92857580002001,200.1334711405109,130,0,258
AC-002,AC-002-bogie-8,bogie,64,0.2449797053737354,85.72140828897186,196.59666370505786,130,0,258
AC-002,AC-002-bogie-8,bogie,65,0.25158365860767407,86.02459141805488,203.71784579468277,130,0,258
AC-002,AC-002-bogie-8,bogie,66,0.24924945221079833,88.41754693701792,203.97034253168786,130,0,258
AC-002,AC-002-bogie-8,bogie,67,0.2750856486267455,87.70965233924693,198.8954236047768,130,0,258
AC-002,AC-002-bogie-8,bogie,68,0.27548845567837726,78.7481391188698,203.03982522715526,130,0,258
AC-002,AC-002-bogie-8,bogie,69,0.2863539901198706,81.48922353413971,189.23913051216226,130,0,258
AC-002,AC-002-bogie-8,bogie,70,0.2802036088013673,81.19307214858055,183.72072222939977,130,0,258
AC-002,AC-002-bogie-8,bogie,71,0.24896311298793852,83.77524604934159,170.95185178127807,130,0,258
AC-003,AC-003-engine-9,engine,1,0.32617701299882934,547.5363503284957,40.65926944338557,130,0,193
AC-003,AC-003-engine-9,engine,2,0.2921100466201688,550.5835062644911,40.73597744745472,130,0,193
AC-003,AC-003-engine-9,engine,3,0.29085761342458893,555.0159967908778,39.00436918509653,130,0,193
AC-003,AC-003-engine-9,engine,4,0.3060851506308664,554.6722606021806,40.656601157929025,130,0,193
AC-003,AC-003-engine-9,engine,5,0.33863091906548753,546.2750877700737,38.61548147699311,130,0,193
AC-003,AC-003-engine-9,engine,6,0.28054820883441983,553.4351023062851,40.49019118308142,130,0,193
AC-003,AC-003-engine-9,engine,7,0.3026370953932758,544.5660920934532,40.756343520878794,130,0,193
AC-003,AC-003-engine-9,engine,8,0.27627907956578435,556.0309958648497,42.84369308769462,130,0,193
AC-003,AC-003-engine-9,engine,9,0.3083075726911561,553.2145419937602,39.489743790931556,130,0,193
AC-003,AC-003-engine-9,engine,10,0.2650038197013811,547.355540611357,38.88562767226805,130,0,193
AC-003,AC-003-engine-9,engine,11,0.2725216926806717,559.0584559960531,40.246875243199604,130,0,193
AC-003,AC-003-engine-9,engine,12,0.3093333956295687,548.9864460681904,39.79620191280476,130,0,193
AC-003,AC-003-engine-9,engine,13,0.3213326791928551,550.4621566573227,40.49439766161463,130,0,193
AC-003,AC-003-engine-9,engine,14,0.29844776284440977,549.0127449022957,38.55099074459707,130,0,193
AC-003,AC-003-engine-9,engine,15,0.26316321252967156,549.5227497043112,40.008173247068534,130,0,193
AC-003,AC-003-engine-9,engine,16,0.27737009974100474,550.7726174866876,39.998771221209516,130,0,193
AC-003,AC-003-engine-9,engine,17,0.2603712087746217,546.4911838652108,40.34519511336553,130,0,193
AC-003,AC-003-engine-9,engine,18,0.3116553736268153,545.4276306798873,40.088862289808176,130,0,193
AC-003,AC-003-engine-9,engine,19,0.32480933541166324,555.2179509046488,39.82718193024022,130,0,193
AC-003,AC-003-engine-9,engine,20,0.29547281822598376,548.3298272843599,40.38191143637687,130,0,193
AC-003,AC-003-engine-9,engine,21,0.3092297392658055,554.7749160814118,40.03715986106875,130,0,193
AC-003,AC-003-engine-9,engine,22,0.32222241584283706,552.2595878090876,40.68073961682701,130,0,193
AC-003,AC-003-engine-9,engine,23,0.3238072309986238,547.9301038351038,38.07824216483964,130,0,193
AC-003,AC-003-engine-9,engine,24,0.3378284331894473,553.4095252302479,38.16180608549665,130,0,193
AC-003,AC-003-engine-9,engine,25,0.2932741483251095,556.1664803775247,39.586091377409616,130,0,193
AC-003,AC-003-engine-9,engine,26,0.2979254338058911,559.4997783047595,38.80752774797577,130,0,193
AC-003,AC-003-engine-9,engine,27,0.29284388068242917,553.7479442144853,40.23388697049787,130,0,193
AC-003,AC-003-engine-9,engine,28,0.31939825589205506,557.4502276466682,40.030198261477246,130,0,193
AC-003,AC-003-engine-9,engine,29,0.3199476830741855,551.8083994603576,39.882076004651516,130,0,193
AC-003,AC-003-engine-9,engine,30,0.31302345870912923,554.397727517668,40.579246027883976,130,0,193
AC-003,AC-003-engine-9,engine,31,0.3227126212820548,553.7684956832437,38.984479212513925,130,0,193
AC-003,AC-003-engine-9,engine,32,0.31372422706197634,553.6398783229641,39.97325621268925,130,0,193
AC-003,AC-003-engine-9,engine,33,0.3572865640235565,551.401042681967,40.18840354568983,130,0,193
AC-003,AC-003-engine-9,engine,34,0.3353347169281231,554.7572382209305,42.089569997692394,130,0,193
AC-003,AC-003-engine-9,engine,35,0.30723826917355856,556.1423795863244,38.93809994385034,130,0,193
AC-003,AC-003-engine-9,engine,36,0.3086263014527356,556.0286905995282,40.56796101954148,130,0,193
AC-003,AC-003-engine-9,engine,37,0.32292059570594867,561.3490656155695,39.61101337339885,130,0,193
AC-003,AC-003-engine-9,engine,38,0.31080139302103515,568.8502699751739,40.08410851845865,130,0,193
AC-003,AC-003-engine-9,engine,39,0.3039853590130447,552.1432614459477,38.73065359777772,130,0,193
AC-003,AC-003-engine-9,engine,40,0.3380607650870141,554.0843123596634,39.78372908952531,130,0,193
AC-003,AC-003-engine-9,engine,41,0.31903775424083813,559.8626621793057,38.792226080811915,130,0,193
AC-003,AC-003-engine-9,engine,42,0.29979919348893064,557.6330707395107,40.22210347649028,130,0,193
AC-003,AC-003-engine-9,engine,43,0.32898815867839354,552.778082370648,40.280373510243564,130,0,193
AC-003,AC-003-engine-9,engine,44,0.3085113288016401,554.5388073532647,38.640250078059275,130,0,193
AC-003,AC-003-engine-9,engine,45,0.35048691096616796,560.6421405919257,40.17008237135661,130,0,193
AC-003,AC-003-engine-9,engine,46,0.35050733078801316,571.8741941861049,37.83631874293137,130,0,193
AC-003,AC-003-engine-9,engine,47,0.31191909084212116,555.0733703306912,38.67475153388996,130,0,193
AC-003,AC-003-engine-9,engine,48,0.3062826393245506,557.0066609864697,38.28856420868171,130,0,193
AC-003,AC-003-engine-9,engine,49,0.33570699516679703,559.1214812176024,39.96536381470057,130,0,193
AC-003,AC-003-engine-9,engine,50,0.34035672211070006,562.2434699298358,39.089663897346156,130,0,193
AC-003,AC-003-engine-9,engine,51,0.37384518811495693,560.773420045886,37.57889622404572,130,0,193
AC-003,AC-003-engine-9,engine,52,0.3126191338537701,551.2789610676398,39.436594206589625,130,0,193
AC-003,AC-003-engine-9,engine,53,0.331499034717301,558.0269418211151,41.407634748873974,130,0,193
AC-003,AC-003-engine-9,engine,54,0.34620744883164156,564.3945391642077,38.44265466583384,130,0,193
AC-003,AC-003-engine-9,engine,55,0.3165617073976811,561.3504346473546,39.52332526899798,130,0,193
AC-003,AC-003-engine-9,engine,56,0.30075934947867244,560.6746145810462,39.34055064605641,130,0,193
AC-003,AC-003-engine-9,engine,57,0.3349477348246617,557.9263229255147,38.76267427336625,130,0,193
AC-003,AC-003-engine-9,engine,58,0.3371028333102134,562.8717831457825,39.88230238820978,130,0,193
AC-003,AC-003-engine-9,engine,59,0.3636706020447341,561.3779351991105,38.79622641818301,130,0,193
AC-003,AC-003-engine-9,engine,60,0.3522442139029125,566.3431719363457,38.792624447945975,130,0,193
AC-003,AC-003-engine-9,engine,61,0.3607607541805219,568.633530346146,40.49252407203736,130,0,193
AC-003,AC-003-engine-9,engine,62,0.38200524870702923,559.8575619816739,39.18831899915237,130,0,193
AC-003,AC-003-engine-9,engine,63,0.3481744921589028,564.1606966154437,38.498311511918224,130,0,193
AC-003,AC-003-engine-9,engine,64,0.3197719675382672,565.5832662199166,38.35194287195629,129,0,193
AC-003,AC-003-engine-9,engine,65,0.35276150831666264,561.6258385614727,37.992934743903035,128,0,193
AC-003,AC-003-engine-9,engine,66,0.3573101987305318,566.834233932725,39.64374007757882,127,0,193
AC-003,AC-003-engine-9,engine,67,0.39794826139509254,567.9570267320025,39.52097534809986,126,0,193
AC-003,AC-003-landing_gear-10,landing_gear,1,0.14077481388847934,56.86880856478157,2998.0194227716725,130,0,153
AC-003,AC-003-landing_gear-10,landing_gear,2,0.14913652261747565,57.29504359742009,2984.648814394346,130,0,153
AC-003,AC-003-landing_gear-10,landing_gear,3,0.16238026236681247,57.587786186192034,2930.085695274194,130,0,153
AC-003,AC-003-landing_gear-10,landing_gear,4,0.159579723213996,61.48714320281398,2968.563970287572,130,0,153
AC-003,AC-003-landing_gear-10,landing_gear,5,0.1344186220340403,57.78214941037161,2996.6239989700443,130,0,153
AC-003,AC-003-landing_gear-10,landing_gear,6,0.16200274166008385,56.91332212614074,2994.851283894438,130,0,153
AC-003,AC-003-landing_gear-10,landing_gear,7,0.15722241930175557,52.88759615982135,3050.4333811894608,130,0,153
AC-003,AC-003-landing_gear-10,landing_gear,8,0.13879064229792795,61.03699634837029,3010.6937627605575,130,0,153
AC-003,AC-003-landing_gear-10,landing_gear,9,0.16162441062744123,61.70467625686747,2879.059350846027,130,0,153
AC-003,AC-003-landing_gear-10,landing_gear,10,0.14311337630967805,60.47869330680904,2987.6878889440427,130,0,153
AC-003,AC-003-landing_gear-10,landing_gear,11,0.15593912152286565,62.44563394869565,3027.3212155540227,130,0,153
AC-003,AC-003-landing_gear-10,landing_gear,12,0.14924133361943803,54.55326116963741,2973.535049437305,130,0,153
AC-003,AC-003-landing_gear-10,landing_gear,13,0.15578805672168172,56.83694992503471,3027.232069198633,130,0,153
AC-003,AC-003-landing_gear-10,landing_gear,14,0.16096782378389948,60.506193649635954,2841.787297854443,130,0,153
AC-003,AC-003-landing_gear-10,landing_gear,15,0.13938174613066742,65.80274279285395,2966.9060976611536,130,0,153
AC-003,AC-003-landing_gear-10,landing_gear,16,0.13261915984867928,63.86978163692877,2994.106200697266,130,0,153
AC-003,AC-003-landing_gear-10,landing_gear,17,0.16382718266735502,61.016061210843276,3015.520549403201,130,0,153
AC-003,AC-003-landing_gear-10,landing_gear,18,0.15674427932835622,62.3000773925104,3105.5670241579087,130,0,153
AC-003,AC-003-landing_gear-10,landing_gear,19,0.163179882659861,55.490303333148006,3013.0802242965606,130,0,153
AC-003,AC-003-landing_gear-10,landing_gear,20,0.1652594828059841,63.86441409460523,2968.417283847173,130,0,153
AC-003,AC-003-landing_gear-10,landing_gear,21,0.16588819877714078,63.06581082033758,3117.322526981128,130,0,153
AC-003,AC-003-landing_gear-10,landing_gear,22,0.14715203953870673,58.78793539754484,2972.2885625071576,130,0,153
AC-003,AC-003-landing_gear-10,landing_gear,23,0.15018236135236118,57.668909940892455,2848.307337108982,130,0,153
AC-003,AC-003-landing_gear-10,landing_gear,24,0.15118933744269944,61.477162991095106,2960.5753552448887,129,0,153
AC-003,AC-003-landing_gear-10,landing_gear,25,0.1753611167180285,60.44061443033008,3048.531973071907,128,0,153
AC-003,AC-003-landing_gear-10,landing_gear,26,0.15911170508846845,62.91238866042436,2996.6354084668947,127,0,153
AC-003,AC-003-landing_gear-10,landing_gear,27,0.17069476673426054,60.63494607807886,3006.120914297173,126,0,153
AC-003,AC-003-landing_gear-10,landing_gear,28,0.16119889258140624,59.637514508611766,3000.154280626485,125,0,153
AC-003,AC-003-landing_gear-10,landing_gear,29,0.18042729191218826,59.727704470394436,2999.4174327754317,124,0,153
AC-003,AC-003-landing_gear-10,landing_gear,30,0.17122830853983628,63.99746111157563,2977.5177701362563,123,0,153
AC-003,AC-003-landing_gear-10,landing_gear,31,0.1354029449581234,62.1658972551252,2864.3947351016554,122,0,153
AC-003,AC-003-landing_gear-10,landing_gear,32,0.1745417406292893,61.16457950157158,3023.7373854739276,121,0,153
AC-003,AC-003-landing_gear-10,landing_gear,33,0.15144601664587115,56.04028611527862,2985.1253777999073,120,0,153
AC-003,AC-003-landing_gear-10,landing_gear,34,0.16077507671154967,59.266118262269245,2974.6034344070085,119,0,153
AC-003,AC-003-landing_gear-10,landing_gear,35,0.1894486764904879,63.288531146784855,3021.0767501060586,118,0,153
AC-003,AC-003-landing_gear-10,landing_gear,36,0.17089611632037785,65.2688362585462,2957.278423275378,117,0,153
AC-003,AC-003-landing_gear-10,landing_gear,37,0.1426107875383951,60.311468308658505,3005.4977171927635,116,0,153
AC-003,AC-003-landing_gear-10,landing_gear,38,0.15418127324992578,60.396187295270444,2928.400106980347,115,0,153
AC-003,AC-003-landing_gear-10,landing_gear,39,0.17963966968106107,63.22299619039501,2993.592025265185,114,0,153
AC-003,AC-003-landing_gear-10,landing_gear,40,0.17159471363101747,60.913498942330804,2968.8679461268875,113,0,153
AC-003,AC-003-landing_gear-10,landing_gear,41,0.15430540140728735,54.51782387792233,2964.4180639502897,112,0,153
AC-003,AC-003-landing_gear-10,landing_gear,42,0.1701949198637595,64.758128192012,3033.353411334683,111,0,153
AC-003,AC-003-landing_gear-10,landing_gear,43,0.18347199561507982,58.190729937791055,2934.994719545604,110,0,153
AC-003,AC-003-landing_gear-10,landing_gear,44,0.1734115705635812,68.83626254021102,3024.383019906316,109,0,153
AC-003,AC-003-landing_gear-10,landing_gear,45,0.180657639440053,60.13421398802341,2903.9369042553926,108,0,153
AC-003,AC-003-landing_gear-10,landing_gear,46,0.17822741024482816,58.05390496802997,2933.842632021663,107,0,153
AC-003,AC-003-landing_gear-10,landing_gear,47,0.17008443888752786,66.19421749253823,2925.645885845224,106,0,153
AC-003,AC-003-landing_gear-10,landing_gear,48,0.14775283233399703,62.989689190968946,2905.994697425542,105,0,153
AC-003,AC-003-landing_gear-10,landing_gear,49,0.17350397268190149,61.278396726641894,2924.774367042381,104,0,153
AC-003,AC-003-brakes-11,brakes,1,0.19225425512713645,125.47325015508423,1481.5679882382171,130,0,178
AC-003,AC-003-brakes-11,brakes,2,0.17590577336675778,125.35223014663462,1533.6549649074386,130,0,178
AC-003,AC-003-brakes-11,brakes,3,0.19941028839842145,104.32175686355039,1521.0938758878979,130,0,178
AC-003,AC-003-brakes-11,brakes,4,0.17525317780193408,122.48554381710827,1473.2245892345059,130,0,178
AC-003,AC-003-brakes-11,brakes,5,0.18283912324979146,116.48839111699206,1494.2643607708862,130,0,178
AC-003,AC-003-brakes-11,brakes,6,0.19067774229646942,124.74371283094783,1486.2770525939688,130,0,178
AC-003,AC-003-brakes-11,brakes,7,0.21516681964621734,122.29578098226185,1478.6093272309708,130,0,178
AC-003,AC-003-brakes-11,brakes,8,0.1876168858354333,106.88062801691225,1508.116011243087,130,0,178
AC-003,AC-003-brakes-11,brakes,9,0.19544813540882844,101.09913063725176,1483.1616051993192,130,0,178
AC-003,AC-003-brakes-11,brakes,10,0.18743133970635942,132.70010575188365,1447.969791498017,130,0,178
AC-003,AC-003-brakes-11,brakes,11,0.17952542667966148,128.99432601241284,1539.5572060482466,130,0,178
AC-003,AC-003-brakes-11,brakes,12,0.19018872012817992,115.07965983843516,1517.123597687535,130,0,178
AC-003,AC-003-brakes-11,brakes,13,0.16669367979118077,105.2704681984916,1489.9778212291183,130,0,178
AC-003,AC-003-brakes-11,brakes,14,0.2251041847764969,116.69974192312209,1501.1722774674947,130,0,178
AC-003,AC-003-brakes-11,brakes,15,0.21913725191512348,137.0681191488915,1480.5641329788873,130,0,178
AC-003,AC-003-brakes-11,brakes,16,0.20217138551566885,134.81883540790977,1451.910085372587,130,0,178
AC-003,AC-003-brakes-11,brakes,17,0.2181501129778882,112.12711543306801,1500.3377740935139,130,0,178
AC-003,AC-003-brakes-11,brakes,18,0.19942850875939105,112.64268664142968,1467.4391476998564,130,0,178
AC-003,AC-003-brakes-11,brakes,19,0.20756434448791944,128.30612752771276,1492.6897848802319,130,0,178
AC-003,AC-003-brakes-11,brakes,20,0.20483909796173302,124.94813258840185,1467.0640362288764,130,0,178
AC-003,AC-003-brakes-11,brakes,21,0.21527099676645395,126.97230569050399,1573.9331798222522,130,0,178
AC-003,AC-003-brakes-11,brakes,22,0.19894119184429532,116.79362105692388,1518.4862214445234,130,0,178
AC-003,AC-003-brakes-11,brakes,23,0.2172953998017038,116.22018649978848,1482.8962824240766,130,0,178
AC-003,AC-003-brakes-11,brakes,24,0.21357081940952866,113.92471175774853,1482.2301235232917,130,0,178
AC-003,AC-003-brakes-11,brakes,25,0.2072617049179246,128.55929081931785,1475.9442281072156,130,0,178
AC-003,AC-003-brakes-11,brakes,26,0.17876494005098167,105.30729095799849,1455.8169010173742,130,0,178
AC-003,AC-003-brakes-11,brakes,27,0.18720502178539006,119.45336768687963,1457.4310578336829,130,0,178
AC-003,AC-003-brakes-11,brakes,28,0.19688198074092209,114.54964343396762,1479.3614590363202,130,0,178
AC-003,AC-003-brakes-11,brakes,29,0.22780057469384166,126.09188168754362,1492.5208727372851,130,0,178
AC-003,AC-003-brakes-11,brakes,30,0.20160625709794064,117.38630387768116,1501.3107427919053,130,0,178
AC-003,AC-003-brakes-11,brakes,31,0.2178617659954996,113.64898294071672,1491.9951927732116,130,0,178
AC-003,AC-003-brakes-11,brakes,32,0.17922145195673558,122.66328482203286,1513.1687317720796,130,0,178
AC-003,AC-003-brakes-11,brakes,33,0.20611016867783727,135.5633357772259,1463.251648495868,130,0,178
AC-003,AC-003-brakes-11,brakes,34,0.21420719390787235,120.8079607945047,1486.0454822983743,130,0,178
AC-003,AC-003-brakes-11,brakes,35,0.209884081758429,122.01673166792578,1513.839848025411,130,0,178
AC-003,AC-003-brakes-11,brakes,36,0.23293722142570178,121.2091158321248,1512.1883042835684,130,0,178
AC-003,AC-003-brakes-11,brakes,37,0.20243587429356297,127.42388147056634,1464.1778757976258,130,0,178
AC-003,AC-003-brakes-11,brakes,38,0.23003241513777448,139.05237862879116,1482.6649672644057,130,0,178
AC-003,AC-003-brakes-11,brakes,39,0.1815134383461328,117.05557560486581,1522.554663320435,130,0,178
AC-003,AC-003-brakes-11,brakes,40,0.22344575412831771,123.50626902169414,1515.1104483557062,130,0,178
AC-003,AC-003-brakes-11,brakes,41,0.22318335252926416,131.33345659366287,1511.666159358872,130,0,178
AC-003,AC-003-brakes-11,brakes,42,0.23952794335209465,124.54061232735405,1510.4553454837783,130,0,178
AC-003,AC-003-brakes-11,brakes,43,0.21290035308815963,116.9390394259726,1533.6957700281228,130,0,178
AC-003,AC-003-brakes-11,brakes,44,0.22157408895559655,128.27214640797465,1485.3811816215855,130,0,178
AC-003,AC-003-brakes-11,brakes,45,0.21037598067617025,122.00523468465617,1523.9061050930616,130,0,178
AC-003,AC-003-brakes-11,brakes,46,0.22836395018627825,108.31174962936501,1473.5073172306286,130,0,178
AC-003,AC-003-brakes-11,brakes,47,0.24765032659767838,120.38121707591112,1425.069719540867,130,0,178
AC-003,AC-003-brakes-11,brakes,48,0.2502111606263704,127.64068281300557,1476.0841868905836,130,0,178
AC-003,AC-003-brakes-11,brakes,49,0.21716260594462936,130.93220263691992,1461.0066260073538,129,0,178
AC-003,AC-003-brakes-11,brakes,50,0.24089509999733205,126.70468764875328,1483.6692041350282,128,0,178
AC-003,AC-003-brakes-11,brakes,51,0.22681029435626168,121.06301293390935,1506.7416313300503,127,0,178
AC-003,AC-003-brakes-11,brakes,52,0.21262268544423946,109.58488177793502,1492.8303757610074,126,0,178
AC-003,AC-003-brakes-11,brakes,53,0.23606559549921705,126.50163127791511,1485.6348305103313,125,0,178
AC-003,AC-003-brakes-11,brakes,54,0.22280204455849317,129.06087665843984,1471.0231059638074,124,0,178
AC-003,AC-003-brakes-11,brakes,55,0.22133551347957894,120.36909119113746,1531.9769740714685,123,0,178
AC-003,AC-003-brakes-11,brakes,56,0.203668579322279,126.96762688966244,1419.933466618328,122,0,178
AC-003,AC-003-brakes-11,brakes,57,0.22913966114217346,119.6072962404683,1406.6859898825855,121,0,178
AC-003,AC-003-brakes-11,brakes,58,0.23768760274048575,120.14489939086037,1405.1717708391834,120,0,178
AC-003,AC-003-brakes-11,brakes,59,0.245553374915458,134.77603477929588,1511.743876715053,119,0,178
AC-003,AC-003-brakes-11,brakes,60,0.2394709518363849,123.77712563127821,1505.758093400261,118,0,178
AC-003,AC-003-brakes-11,brakes,61,0.2604680476823865,132.59177901323352,1436.5215780308208,117,0,178
AC-003,AC-003-brakes-11,brakes,62,0.23941709237908484,127.15582111241753,1409.3145713516221,116,0,178
AC-003,AC-003-brakes-11,brakes,63,0.24462089215665225,141.94198283406917,1481.617602711683,115,0,178
AC-003,AC-003-brakes-11,brakes,64,0.26088417816835024,125.34161603570203,1459.0204683337615,114,0,178
AC-003,AC-003-brakes-11,brakes,65,0.2457234894852255,117.47382867952562,1431.0823257489576,113,0,178
AC-003,AC-003-brakes-11,brakes,66,0.26023936068174197,135.1032179753523,1429.022018208178,112,0,178
AC-003,AC-003-brakes-11,brakes,67,0.25702408508560376,123.5547304968814,1467.690154217417,111,0,178
AC-003,AC-003-brakes-11,brakes,68,0.2506856303048197,132.33303881632392,1458.699195342602,110,0,178
AC-003,AC-003-brakes-11,brakes,69,0.2662319653417245,126.98325625929894,1473.6459927618905,109,0,178
AC-003,AC-003-brakes-11,brakes,70,0.23389671824094208,141.90883779703876,1467.6990905821483,108,0,178
AC-003,AC-003-brakes-11,brakes,71,0.25842567719888626,111.90758509217865,1427.5882234889173,107,0,178
AC-003,AC-003-brakes-11,brakes,72,0.2676529668451034,127.20360009897308,1393.5018964288097,106,0,178
AC-003,AC-003-brakes-11,brakes,73,0.2660319931715961,120.69550198886209,1491.8818653394626,105,0,178
AC-003,AC-003-brakes-11,brakes,74,0.25053197877120337,126.82260488319011,1483.5191234074907,104,0,178
AC-003,AC-003-brakes-11,brakes,75,0.23979792610376255,117.38325760398672,1440.8447267214744,103,0,178
AC-003,AC-003-brakes-11,brakes,76,0.2670976563801282,114.82198841767307,1395.2688976175173,102,0,178
AC-003,AC-003-brakes-11,brakes,77,0.2684945590135978,120.79004801025806,1432.0944745044508,101,0,178
AC-003,AC-003-brakes-11,brakes,78,0.22975420680387318,120.3288017684817,1442.1666182680897,100,0,178
AC-003,AC-003-brakes-11,brakes,79,0.2730485854252574,119.73945042621429,1490.6283660460608,99,0,178
AC-003,AC-003-brakes-11,brakes,80,0.25033006892905907,120.59510651649421,1485.522317265178,98,0,178
AC-003,AC-003-brakes-11,brakes,81,0.2652947403109606,121.79608597045758,1433.2231680390805,97,0,178
AC-003,AC-003-brakes-11,brakes,82,0.28396230742528217,138.09624293322057,1411.830000859741,96,0,178
AC-003,AC-003-brakes-11,brakes,83,0.26459199935051775,127.24410527151102,1405.184290182798,95,0,178
AC-003,AC-003-brakes-11,brakes,84,0.2659744704544112,126.72355750802971,1467.3965381239411,94,0,178
AC-003,AC-003-brakes-11,brakes,85,0.28652129841418955,124.20731711208009,1425.1714826946543,93,0,178
AC-003,AC-003-brakes-11,brakes,86,0.2799934212686202,122.32139608236247,1447.6301678143363,92,0,178
AC-003,AC-003-brakes-11,brakes,87,0.27034849017841517,119.41152012698637,1399.6278111246572,91,0,178
AC-003,AC-003-brakes-11,brakes,88,0.2950299556834914,126.08103569115609,1475.8865475739244,90,0,178
AC-003,AC-003-brakes-11,brakes,89,0.26729545608927635,129.82964160905195,1496.7803016905473,89,0,178
AC-003,AC-003-brakes-11,brakes,90,0.26083406058992964,112.48697017678967,1461.9028421787382,88,0,178
AC-003,AC-003-brakes-11,brakes,91,0.2660065239417652,127.67521513941627,1404.0137931637912,87,0,178
AC-003,AC-003-brakes-11,brakes,92,0.2841638380026772,120.40984997134882,1414.4604010751532,86,0,178
AC-003,AC-003-brakes-11,brakes,93,0.2886402989552853,120.12283581549964,1397.104410053686,85,0,178
AC-003,AC-003-brakes-11,brakes,94,0.2784529363244528,116.93584440903284,1403.659491687607,84,0,178
AC-003,AC-003-brakes-11,brakes,95,0.28723517370137147,125.34893102757536,1406.4054796092205,83,0,178
AC-003,AC-003-brakes-11,brakes,96,0.28696318431653,123.48022323855436,1433.4701675958777,82,0,178
AC-003,AC-003-brakes-11,brakes,97,0.31062880203236,125.19386987846974,1425.466816783998,81,0,178
AC-003,AC-003-brakes-11,brakes,98,0.2873412306119218,132.0174475546522,1456.037897992656,80,0,178
AC-003,AC-003-brakes-11,brakes,99,0.30043067587472483,115.09276196246789,1420.8190862139554,79,0,178
AC-003,AC-003-bogie-12,bogie,1,0.23620477802384196,74.05822143374456,201.4109340446591,130,0,230
AC-003,AC-003-bogie-12,bogie,2,0.21489882097259733,79.04242823576023,212.86539805178586,130,0,230
AC-003,AC-003-bogie-12,bogie,3,0.21186854150700252,74.88541546284725,189.67287225537856,130,0,230
AC-003,AC-003-bogie-12,bogie,4,0.24884702435587533,78.54318200675354,213.9792655182841,130,0,230
AC-003,AC-003-bogie-12,bogie,5,0.26926418775385663,81.99054358011561,201.4373995517564,130,0,230
AC-003,AC-003-bogie-12,bogie,6,0.2581197940274092,76.56568116475783,208.54488236354345,130,0,230
AC-003,AC-003-bogie-12,bogie,7,0.22810646840998045,83.36003349545769,211.8243739814908,130,0,230
AC-003,AC-003-bogie-12,bogie,8,0.2546709782421398,79.31934436150559,203.95470588838975,130,0,230
AC-003,AC-003-bogie-12,bogie,9,0.19334382919534002,81.23965669246738,198.80521238455088,130,0,230
AC-003,AC-003-bogie-12,bogie,10,0.2496963224269509,82.86393723495614,199.17669641762305,130,0,230
AC-003,AC-003-bogie-12,bogie,11,0.22805361333956664,79.48013600856994,200.58406145706533,130,0,230
AC-003,AC-003-bogie-12,bogie,12,0.2533194721824709,80.70211981318565,210.2848057610948,130,0,230
AC-003,AC-003-bogie-12,bogie,13,0.22947732406219037,80.76669596454599,212.77150870640924,130,0,230
AC-003,AC-003-bogie-12,bogie,14,0.21669718404991392,80.7926888025153,193.9980108214794,130,0,230
AC-003,AC-003-bogie-12,bogie,15,0.24418078285874206,76.4658361497132,198.1343605178538,130,0,230
AC-003,AC-003-bogie-12,bogie,16,0.28863985709005036,75.03906494470513,188.11032719638374,130,0,230
AC-003,AC-003-bogie-12,bogie,17,0.22600998534531214,87.0189359064368,195.15807742493834,130,0,230
AC-003,AC-003-bogie-12,bogie,18,0.2517840051824605,78.51136350967712,190.31078066776493,130,0,230
AC-003,AC-003-bogie-12,bogie,19,0.24785606079171885,89.9694583548933,213.6477413458484,130,0,230
AC-003,AC-003-bogie-12,bogie,20,0.23577678239651753,82.7415251457061,191.38231480641753,130,0,230
AC-003,AC-003-bogie-12,bogie,21,0.2175988286975557,84.24477334929746,211.26746910915762,130,0,230
AC-003,AC-003-bogie-12,bogie,22,0.27435204691131715,78.30352577060754,197.96626912500847,130,0,230
AC-003,AC-003-bogie-12,bogie,23,0.26874531107316246,81.76598414939244,195.66362528702956,130,0,230
AC-003,AC-003-bogie-12,bogie,24,0.22170173940103938,80.67327015274952,210.35455763999818,130,0,230
AC-003,AC-003-bogie-12,bogie,25,0.23047876351988394,82.79133242273416,202.84282715927642,130,0,230
AC-003,AC-003-bogie-12,bogie,26,0.26979502575614006,83.74347855842234,192.54419446165383,130,0,230
AC-003,AC-003-bogie-12,bogie,27,0.22282858137288253,78.14153626399816,208.3400444418107,130,0,230
AC-003,AC-003-bogie-12,bogie,28,0.24471757788411194,77.52023502214978,181.19367994559292,130,0,230
AC-003,AC-003-bogie-12,bogie,29,0.2910146713178619,83.62081297779953,207.06304298855105,130,0,230
AC-003,AC-003-bogie-12,bogie,30,0.2757344699284061,82.64709809645717,196.8761821476376,130,0,230
AC-003,AC-003-bogie-12,bogie,31,0.25353709977010797,78.65306957376761,225.62075347987778,130,0,230
AC-003,AC-003-bogie-12,bogie,32,0.26837721983203805,78.53194379225022,203.8806766263509,130,0,230
AC-003,AC-003-bogie-12,bogie,33,0.23750237589618178,86.42974710120001,192.56586858824238,130,0,230
AC-003,AC-003-bogie-12,bogie,34,0.2682164156467783,84.70096155867007,202.97358336265486,130,0,230
AC-003,AC-003-bogie-12,bogie,35,0.2605732372655043,80.50634633564334,198.50931303869035,130,0,230
AC-003,AC-003-bogie-12,bogie,36,0.24765317577910595,78.6920473773295,213.81594154369273,130,0,230
AC-003,AC-003-bogie-12,bogie,37,0.25753389872625904,77.37439526273356,193.80186335085563,130,0,230
AC-003,AC-003-bogie-12,bogie,38,0.2822437085099747,83.24836226044619,204.51142032674602,130,0,230
AC-003,AC-003-bogie-12,bogie,39,0.2556317121276643,82.86849713967099,192.4142942325351,130,0,230
AC-003,AC-003-bogie-12,bogie,40,0.2561498743825363,84.48413288340441,207.5329469215158,130,0,230
AC-003,AC-003-bogie-12,bogie,41,0.2422781546877892,77.21343294072864,199.8159440234082,130,0,230
AC-003,AC-003-bogie-12,bogie,42,0.2970273733913108,73.00465805667979,201.4494919665935,130,0,230
AC-003,AC-003-bogie-12,bogie,43,0.23558641125133478,78.1617308463137,194.95760617852582,130,0,230
AC-003,AC-003-bogie-12,bogie,44,0.25531384069269886,78.59676331130646,198.60817646387713,130,0,230
AC-003,AC-003-bogie-12,bogie,45,0.25364980360122585,74.91576592372138,206.26750519895177,130,0,230
AC-003,AC-003-bogie-12,bogie,46,0.2800574433429776,84.17269724009067,182.99265503735919,130,0,230
AC-003,AC-003-bogie-12,bogie,47,0.27163762581160744,83.539076103757,188.01765795454554,130,0,230
AC-003,AC-003-bogie-12,bogie,48,0.26651616817725315,80.40601092348444,216.67935157623083,130,0,230
AC-003,AC-003-bogie-12,bogie,49,0.30551024210131006,74.25032489926899,223.1237691121003,130,0,230
AC-003,AC-003-bogie-12,bogie,50,0.24941760277920194,84.86787276143068,207.81462064039536,130,0,230
AC-003,AC-003-bogie-12,bogie,51,0.24852428620040393,82.95643601467586,196.9579328787004,130,0,230
AC-003,AC-003-bogie-12,bogie,52,0.2802548420586214,81.94499544770775,209.91878237733198,130,0,230
AC-003,AC-003-bogie-12,bogie,53,0.27142056175139007,80.3905075030131,208.83663476913512,130,0,230
AC-003,AC-003-bogie-12,bogie,54,0.282278996801898,84.02971104420226,191.14921834357662,130,0,230
AC-003,AC-003-bogie-12,bogie,55,0.25053850618677537,78.87277872377558,191.50445154962134,130,0,230
AC-003,AC-003-bogie-12,bogie,56,0.28795460919158383,85.08956947149757,196.07743056403328,130,0,230
AC-003,AC-003-bogie-12,bogie,57,0.3016500438925551,86.70223296258415,199.97727838895813,130,0,230
AC-003,AC-003-bogie-12,bogie,58,0.2574090454765116,87.57334024613536,196.84615919292952,130,0,230
AC-003,AC-003-bogie-12,bogie,59,0.27719957992105804,79.95764795050378,188.4699606311679,130,0,230
AC-003,AC-003-bogie-12,bogie,60,0.2461470601649607,83.89253189536338,189.44387225876537,130,0,230
AC-003,AC-003-bogie-12,bogie,61,0.3375682238237928,77.06251096255576,184.61256466417495,130,0,230
AC-003,AC-003-bogie-12,bogie,62,0.28745230172247677,87.5705620444136,197.73928031234337,130,0,230
AC-003,AC-003-bogie-12,bogie,63,0.28958048167406686,74.12637743791564,190.2237503275814,130,0,230
AC-003,AC-003-bogie-12,bogie,64,0.25756360224144526,73.9683988308323,198.07263787899123,130,0,230
AC-003,AC-003-bogie-12,bogie,65,0.23509382563962497,76.30856963281467,191.4333550655369,130,0,230
AC-003,AC-003-bogie-12,bogie,66,0.264253300294211,83.23251491620067,199.76204010427998,130,0,230
AC-003,AC-003-bogie-12,bogie,67,0.2996978085671023,84.70669939209836,208.01379897111855,130,0,230
AC-003,AC-003-bogie-12,bogie,68,0.2827404599771346,82.96207176205685,201.61872870161156,130,0,230
AC-003,AC-003-bogie-12,bogie,69,0.28658313394782053,80.21122276033171,193.0755746566023,130,0,230
AC-003,AC-003-bogie-12,bogie,70,0.26838418174984685,83.53901930451644,195.3547442893942,130,0,230
AC-003,AC-003-bogie-12,bogie,71,0.2724714021139188,79.25688083612319,184.084292495329,130,0,230
AC-003,AC-003-bogie-12,bogie,72,0.3063254090553678,82.27439506376042,187.45215103300075,130,0,230
AC-003,AC-003-bogie-12,bogie,73,0.30394742002039576,79.7729495623348,181.9055041268531,130,0,230
AC-003,AC-003-bogie-12,bogie,74,0.30924297130423145,79.92193340279415,191.7703663757949,130,0,230
AC-003,AC-003-bogie-12,bogie,75,0.2906983641120875,86.69701095543267,195.9470647801187,130,0,230
AC-003,AC-003-bogie-12,bogie,76,0.2669628370612164,84.35925092760183,190.78261693507653,130,0,230
AC-003,AC-003-bogie-12,bogie,77,0.3297882525874891,82.23710901370976,173.16646921761068,130,0,230
AC-003,AC-003-bogie-12,bogie,78,0.3002758438665539,90.07858020495775,211.15882481362024,130,0,230
AC-003,AC-003-bogie-12,bogie,79,0.33086057915887424,78.28050557227377,204.40243133216853,130,0,230
AC-003,AC-003-bogie-12,bogie,80,0.28092872924307294,83.31681733301741,182.43115624190324,130,0,230
AC-003,AC-003-bogie-12,bogie,81,0.28362080908797893,79.77554251111265,204.02449420029194,130,0,230
AC-003,AC-003-bogie-12,bogie,82,0.31367978886061426,83.64943392677507,181.41147580054258,130,0,230
AC-003,AC-003-bogie-12,bogie,83,0.2926022774835765,79.62007093023288,203.48768384293734,130,0,230
AC-003,AC-003-bogie-12,bogie,84,0.32358260064802613,86.89321720234659,187.11245608938367,130,0,230
AC-003,AC-003-bogie-12,bogie,85,0.24642625626876616,75.66372140558941,208.7531317846028,130,0,230
AC-003,AC-003-bogie-12,bogie,86,0.29440401274479444,79.79332080860306,210.8341643710353,130,0,230
AC-003,AC-003-bogie-12,bogie,87,0.3289586809513544,82.95942059656383,191.3427176715909,130,0,230
AC-003,AC-003-bogie-12,bogie,88,0.30225400598948415,83.83643947332301,210.14489625364976,130,0,230
AC-003,AC-003-bogie-12,bogie,89,0.3146001046284118,85.89882312648548,205.70328710204387,130,0,230
AC-003,AC-003-bogie-12,bogie,90,0.28402613971486135,86.08182942244815,190.92954874827993,130,0,230
AC-003,AC-003-bogie-12,bogie,91,0.25838083710533866,74.61813468649909,183.55719817592848,130,0,230
AC-003,AC-003-bogie-12,bogie,92,0.3206244645718516,83.65519826136119,195.44366707175664,130,0,230
AC-003,AC-003-bogie-12,bogie,93,0.3503303063267017,78.1935848297857,193.18577987971287,130,0,230
AC-003,AC-003-bogie-12,bogie,94,0.3187257614959738,80.39555025596385,193.60198200659502,130,0,230
AC-003,AC-003-bogie-12,bogie,95,0.28197785641850215,89.05172316777687,186.35965787734216,130,0,230
AC-003,AC-003-bogie-12,bogie,96,0.35595881615001235,83.35441272323376,203.31191561618465,130,0,230
AC-003,AC-003-bogie-12,bogie,97,0.3156329029226344,83.43430255375561,187.04515090218445,130,0,230
AC-003,AC-003-bogie-12,bogie,98,0.32046376403155996,84.90299666801536,184.89541113012984,130,0,230
AC-003,AC-003-bogie-12,bogie,99,0.31697689996257544,81.26508657735944,215.58567661297258,130,0,230
AC-003,AC-003-bogie-12,bogie,100,0.31909385341084134,89.96164694327017,190.48234001895526,130,0,230
AC-003,AC-003-bogie-12,bogie,101,0.3274990798628343,78.57125448846618,187.81585253122682,129,0,230
AC-003,AC-003-bogie-12,bogie,102,0.32796305636474526,90.27747468111735,194.35290906220695,128,0,230
AC-003,AC-003-bogie-12,bogie,103,0.3528799837834063,86.57388052398748,208.25208522829524,127,0,230
AC-003,AC-003-bogie-12,bogie,104,0.325492123517793,93.65011579534824,186.96758806537673,126,0,230
AC-003,AC-003-bogie-12,bogie,105,0.31282530017805044,79.3280305672174,214.97376278363362,125,0,230
AC-003,AC-003-bogie-12,bogie,106,0.34603923500623324,82.9115321893521,203.99419672298828,124,0,230
AC-003,AC-003-bogie-12,bogie,107,0.34491405164186417,92.1930543089428,175.86458282572,123,0,230
AC-003,AC-003-bogie-12,bogie,108,0.3273771078526185,82.55974433190356,171.44351350056428,122,0,230
AC-003,AC-003-bogie-12,bogie,109,0.35542913388765435,83.41028523236312,198.4125691387125,121,0,230
AC-003,AC-003-bogie-12,bogie,110,0.3829704859455715,83.16169441983513,186.63913179913732,120,0,230
AC-003,AC-003-bogie-12,bogie,111,0.3397149658141396,88.60721247431549,185.0164236221348,119,0,230
AC-003,AC-003-bogie-12,bogie,112,0.3263032633314594,88.97129016225091,194.30132707580947,118,0,230
AC-003,AC-003-bogie-12,bogie,113,0.2996229205622098,79.9260320459799,205.35716015055945,117,0,230
AC-003,AC-003-bogie-12,bogie,114,0.35016521972584846,81.86463782594552,188.46906032746116,116,0,230
AC-003,AC-003-bogie-12,bogie,115,0.3440147334560334,87.94293344112066,176.4173660514121,115,0,230
AC-003,AC-003-bogie-12,bogie,116,0.32856854085608045,86.17915761302633,188.82698500789994,114,0,230
AC-003,AC-003-bogie-12,bogie,117,0.3584764086054752,80.25739574137447,193.2204361010875,113,0,230
AC-003,AC-003-bogie-12,bogie,118,0.37053677635730375,87.21154640031736,190.86257297417546,112,0,230
AC-003,AC-003-bogie-12,bogie,119,0.34846748862920984,82.01447062520889,188.57226360301232,111,0,230
AC-003,AC-003-bogie-12,bogie,120,0.37727351214267424,84.96812037813636,180.21349129744218,110,0,230
AC-003,AC-003-bogie-12,bogie,121,0.34394286540805713,86.33875090554984,185.19416059529928,109,0,230
AC-003,AC-003-bogie-12,bogie,122,0.36521646263668817,87.7185962150188,197.6353894600011,108,0,230
AC-003,AC-003-bogie-12,bogie,123,0.3857183539065483,89.70328366875599,179.21791181598732,107,0,230
AC-003,AC-003-bogie-12,bogie,124,0.3409274207093063,85.5101466083384,183.86178139925045,106,0,230
AC-003,AC-003-bogie-12,bogie,125,0.33799669797495885,84.14060522406417,183.44012586229732,105,0,230
AC-003,AC-003-bogie-12,bogie,126,0.3491055782860613,84.73911048638188,199.77997164117951,104,0,230
AC-003,AC-003-bogie-12,bogie,127,0.3683207721671398,95.9851569091368,189.50924065036662,103,0,230
AC-003,AC-003-bogie-12,bogie,128,0.36034235181804136,86.21086045311473,190.17626193944486,102,0,230
AC-003,AC-003-bogie-12,bogie,129,0.3766705800886008,94.59833868717901,178.96380858273847,101,0,230
AC-003,AC-003-bogie-12,bogie,130,0.38698243345088934,87.22041637911434,171.51019459697812,100,0,230
AC-003,AC-003-bogie-12,bogie,131,0.3870656769651467,91.55858498045569,178.45205448774556,99,0,230
AC-003,AC-003-bogie-12,bogie,132,0.3733373906950906,79.6861065814588,174.23688814417744,98,0,230
AC-003,AC-003-bogie-12,bogie,133,0.39635520402871555,84.82204664137669,175.53654491980677,97,0,230
AC-003,AC-003-bogie-12,bogie,134,0.3818765418827414,84.69900811926647,181.71446773226353,96,0,230
AC-003,AC-003-bogie-12,bogie,135,0.39398075491803497,82.24342573250459,177.16562953669774,95,0,230
AC-003,AC-003-bogie-12,bogie,136,0.38419691175224013,90.8704557981535,198.39596974457714,94,0,230
AC-004,AC-004-engine-13,engine,1,0.33653871431416904,544.3355837933559,41.32822054632892,130,0,176
AC-004,AC-004-engine-13,engine,2,0.2869283873677577,560.0839879557911,40.59028767100125,130,0,176
AC-004,AC-004-engine-13,engine,3,0.279810415796133,547.4287578863783,40.77885682505845,130,0,176
AC-004,AC-004-engine-13,engine,4,0.32128532636884016,549.7174447686505,40.04052604955851,130,0,176
AC-004,AC-004-engine-13,engine,5,0.31553024505370775,550.7699651464177,38.70003852909137,130,0,176
AC-004,AC-004-engine-13,engine,6,0.28426350504438647,551.335400852122,41.206184895836536,130,0,176
AC-004,AC-004-engine-13,engine,7,0.3330314899088608,554.11515420613,40.27463580235868,130,0,176
AC-004,AC-004-engine-13,engine,8,0.31590602978576526,546.9503366580566,39.83024011412195,130,0,176
AC-004,AC-004-engine-13,engine,9,0.28469410303188813,544.1158395032795,40.3126295901486,130,0,176
AC-004,AC-004-engine-13,engine,10,1.2051630037350005,553.8821544679996,40.520285384611455,130,1,176
AC-004,AC-004-engine-13,engine,11,0.3066106979264772,553.3201927033878,39.92606690377252,130,0,176
AC-004,AC-004-engine-13,engine,12,0.31034977005320835,547.0084825320228,40.3325158429945,130,0,176
AC-004,AC-004-engine-13,engine,13,0.315823480255307,547.4017704164571,40.00818540477797,130,0,176
AC-004,AC-004-engine-13,engine,14,0.29037531550989215,548.2374949265103,38.8244508101871,130,0,176
AC-004,AC-004-engine-13,engine,15,0.3285841581107691,556.327182975873,40.479324350095105,130,0,176
AC-004,AC-004-engine-13,engine,16,0.3431629273033391,550.1901351535216,42.9656467126313,130,0,176
AC-004,AC-004-engine-13,engine,17,0.2996478233662893,552.5588147701437,39.527583656307726,130,0,176
AC-004,AC-004-engine-13,engine,18,0.31215338103591683,555.616284866704,39.802405920996506,130,0,176
AC-004,AC-004-engine-13,engine,19,0.34077877969028625,552.7981967072582,40.177251915035825,130,0,176
AC-004,AC-004-engine-13,engine,20,0.2876309965229488,553.8680635545701,39.76266699406667,130,0,176
AC-004,AC-004-engine-13,engine,21,0.29424177824383274,548.0751918797126,42.55786875165751,130,0,176
AC-004,AC-004-engine-13,engine,22,0.30176170499641924,544.8635103960937,39.17677854026743,130,0,176
AC-004,AC-004-engine-13,engine,23,0.3066536251319633,555.0815240835369,40.41817462089887,130,0,176
AC-004,AC-004-engine-13,engine,24,0.32190005963057183,549.3325166486314,40.19168011292303,130,0,176
AC-004,AC-004-engine-13,engine,25,0.29155842073844956,549.6761103690209,38.920875736243545,130,0,176
AC-004,AC-004-engine-13,engine,26,0.28605272910638174,558.3217576715628,40.51402492411938,130,0,176
AC-004,AC-004-engine-13,engine,27,0.3301237645276618,553.4325383414852,40.58853290547672,130,0,176
AC-004,AC-004-engine-13,engine,28,0.2761636747170665,557.7955512265904,39.974640491162056,130,0,176
AC-004,AC-004-engine-13,engine,29,0.32475971524678493,555.6332485975158,38.79574443223997,130,0,176
AC-004,AC-004-engine-13,engine,30,0.2831138429219311,550.4347575781761,40.33247926474399,130,0,176
AC-004,AC-004-engine-13,engine,31,0.3277626366712765,547.4260911699088,38.77070848377145,130,0,176
AC-004,AC-004-engine-13,engine,32,0.3004113193390344,552.7589292441204,38.37348635922999,130,0,176
AC-004,AC-004-engine-13,engine,33,0.2873792771771973,550.7248078929622,39.805003836225005,130,0,176
AC-004,AC-004-engine-13,engine,34,0.293181759899145,554.5523744955957,40.75999909713355,130,0,176
AC-004,AC-004-engine-13,engine,35,0.29176044089222564,554.4054487647654,40.70838276680862,130,0,176
AC-004,AC-004-engine-13,engine,36,0.3104621115315668,552.8844924547988,40.82878507050482,130,0,176
AC-004,AC-004-engine-13,engine,37,0.31376393620982523,561.5993572283006,40.07540134154042,130,0,176
AC-004,AC-004-engine-13,engine,38,0.3141206379335388,558.8082537893513,39.94751562954851,130,0,176
AC-004,AC-004-engine-13,engine,39,0.3425137953663305,554.0098703220385,39.648385818847736,130,0,176
AC-004,AC-004-engine-13,engine,40,0.3220134880607998,560.6230134354716,38.561597665059956,130,0,176
AC-004,AC-004-engine-13,engine,41,0.3447600600763273,559.793469144943,38.248932364383585,130,0,176
AC-004,AC-004-engine-13,engine,42,0.349791547831924,569.0007210858067,40.54625545715272,130,0,176
AC-004,AC-004-engine-13,engine,43,0.35540081362965337,558.6344208284675,37.860964088525954,130,0,176
AC-004,AC-004-engine-13,engine,44,0.2912425909766495,559.8691602193388,38.90802119227002,130,0,176
AC-004,AC-004-engine-13,engine,45,0.3111264109003951,558.6750805006111,40.092599750671205,130,0,176
AC-004,AC-004-engine-13,engine,46,0.30168477675070743,557.1483675804162,40.963383079814534,130,0,176
AC-004,AC-004-engine-13,engine,47,0.31058520605259726,564.1543812199156,38.9447630401039,129,0,176
AC-004,AC-004-engine-13,engine,48,0.3443869495771643,565.7139102632871,40.146240444670966,128,0,176
AC-004,AC-004-engine-13,engine,49,0.35306342189964945,554.8998803443238,40.49356673153469,127,0,176
AC-004,AC-004-engine-13,engine,50,0.3192645777899482,562.3950099642213,39.612585029972436,126,0,176
AC-004,AC-004-engine-13,engine,51,0.34748815623937507,563.2304154825737,38.48444415370668,125,0,176
AC-004,AC-004-engine-13,engine,52,0.3122846765474741,566.3645843088997,39.4874874700809,124,0,176
AC-004,AC-004-engine-13,engine,53,0.3637949360960159,562.2452628858788,37.86937076328998,123,0,176
AC-004,AC-004-engine-13,engine,54,0.36168442213247887,561.092038997149,39.5889042838673,122,0,176
AC-004,AC-004-engine-13,engine,55,0.3309961239304096,571.6492429261684,38.3421851758168,121,0,176
AC-004,AC-004-engine-13,engine,56,0.3388092561575459,564.4576980589411,38.09790031754114,120,0,176
AC-004,AC-004-engine-13,engine,57,0.35380983530315685,572.4816049441556,38.67043659963687,119,0,176
AC-004,AC-004-engine-13,engine,58,0.35677294935584114,551.1853514788982,39.0922691466226,118,0,176
AC-004,AC-004-engine-13,engine,59,0.34430895025255026,561.3593940902208,40.182431874587216,117,0,176
AC-004,AC-004-engine-13,engine,60,0.3457736800865317,565.0927262008956,38.69305505909522,116,0,176
AC-004,AC-004-engine-13,engine,61,0.31572004878370674,560.8572908109788,40.000091420004516,115,0,176
AC-004,AC-004-engine-13,engine,62,0.31364422053347496,563.2316334791942,38.607511348668915,114,0,176
AC-004,AC-004-engine-13,engine,63,0.3925315928210379,571.4610941115727,38.41777782005433,113,0,176
AC-004,AC-004-engine-13,engine,64,0.385594406173716,564.4792390793125,39.951248564064585,112,0,176
AC-004,AC-004-engine-13,engine,65,0.3342006188212091,574.1207280794002,38.50269899915711,111,0,176
AC-004,AC-004-engine-13,engine,66,0.3427111651811746,568.2502194346184,39.15234417972022,110,0,176
AC-004,AC-004-engine-13,engine,67,0.35531842240188244,572.6960814504312,38.25765694278221,109,0,176
AC-004,AC-004-engine-13,engine,68,0.3795820346554867,572.7366784920011,38.74486206925901,108,0,176
AC-004,AC-004-engine-13,engine,69,0.3603371910460694,571.8914042629173,39.32065663559568,107,0,176
AC-004,AC-004-engine-13,engine,70,0.4124201256166156,576.4478123362636,39.71049408204725,106,0,176
AC-004,AC-004-engine-13,engine,71,0.43500274647985027,574.9563903952029,39.18273235428691,105,0,176
AC-004,AC-004-engine-13,engine,72,0.38939021884180497,567.9665337484223,38.21725538837463,104,0,176
AC-004,AC-004-engine-13,engine,73,0.36729300154631866,576.8930769883706,38.44953411546475,103,0,176
AC-004,AC-004-engine-13,engine,74,0.38231637966651083,579.7448015098332,39.44889454035703,102,0,176
AC-004,AC-004-engine-13,engine,75,0.3784820701251255,571.618952072427,39.682537128347406,101,0,176
AC-004,AC-004-engine-13,engine,76,0.39938794758513946,567.6079204539776,38.19511052390164,100,0,176
AC-004,AC-004-engine-13,engine,77,0.38944312174033524,580.2125079606052,39.378851494939774,99,0,176
AC-004,AC-004-engine-13,engine,78,0.39406267580863347,579.9326297022487,38.49285581064262,98,0,176
AC-004,AC-004-engine-13,engine,79,0.37718832005870284,576.3969806016119,38.407162674243416,97,0,176
AC-004,AC-004-engine-13,engine,80,0.3922816216111984,568.9812263868736,37.949624103087096,96,0,176
AC-004,AC-004-engine-13,engine,81,0.3964382272146756,577.7169071427443,38.058703063992546,95,0,176
AC-004,AC-004-engine-13,engine,82,0.4074419038623727,574.4525152011205,36.635387538114905,94,0,176
AC-004,AC-004-engine-13,engine,83,0.39311569767500204,584.4002950388726,39.90836915518911,93,0,176
AC-004,AC-004-engine-13,engine,84,0.41814773007115097,573.9797039279285,37.94531871103645,92,0,176
AC-004,AC-004-engine-13,engine,85,0.4100929794604736,582.9591558687089,38.67334380914122,91,0,176
AC-004,AC-004-engine-13,engine,86,0.38910349421128065,583.1549711195719,38.510198862833974,90,0,176
AC-004,AC-004-engine-13,engine,87,0.42647112826028805,579.5695980873905,37.70003941374883,89,0,176
AC-004,AC-004-engine-13,engine,88,0.3584236463985332,581.2676901621111,37.475585107028955,88,0,176
AC-004,AC-004-engine-13,engine,89,0.3946796553945024,585.9887496716177,37.898341758037375,87,0,176
AC-004,AC-004-engine-13,engine,90,0.3724874683162163,587.032795528327,36.97973372045064,86,0,176
AC-004,AC-004-engine-13,engine,91,0.4300149801135624,580.3494440454475,37.89131852200202,85,0,176
AC-004,AC-004-engine-13,engine,92,0.4172964441660715,589.0865321520243,37.93874686442821,84,0,176
AC-004,AC-004-engine-13,engine,93,0.42054399180948826,580.7108614411424,36.28906269769599,83,0,176
AC-004,AC-004-engine-13,engine,94,0.4166861558462548,589.1809017167157,37.10972725941245,82,0,176
AC-004,AC-004-landing_gear-14,landing_gear,1,0.14035697412829376,59.166184546108866,3011.2740548129236,130,0,178
AC-004,AC-004-landing_gear-14,landing_gear,2,0.15327725269260134,65.63703109626975,2966.478784988214,130,0,178
AC-004,AC-004-landing_gear-14,landing_gear,3,0.14932912576889587,61.2826326661116,2998.658419013826,130,0,178
AC-004,AC-004-landing_gear-14,landing_gear,4,0.1451074405575355,55.35980327212874,2974.1552800008903,130,0,178
AC-004,AC-004-landing_gear-14,landing_gear,5,0.13944051027504392,54.83201558344346,2959.7426328438787,130,0,178
AC-004,AC-004-landing_gear-14,landing_gear,6,0.13978473233153504,61.76840293849215,3029.3728597661825,130,0,178
AC-004,AC-004-landing_gear-14,landing_gear,7,0.14130917453254624,59.242511936867636,2906.1599537520933,130,0,178
AC-004,AC-004-landing_gear-14,landing_gear,8,0.14551108856786124,61.227244906752915,3040.03492629487,130,0,178
AC-004,AC-004-landing_gear-14,landing_gear,9,0.14344474064628593,63.1939120124625,2922.681506689129,130,0,178
AC-004,AC-004-landing_gear-14,landing_gear,10,0.13823385961744983,62.17632810417282,3081.6623611377954,130,0,178
AC-004,AC-004-landing_gear-14,landing_gear,11,0.15579358638859114,59.93625727418158,2887.949435322545,130,0,178
AC-004,AC-004-landing_gear-14,landing_gear,12,0.13079812759636358,60.45640182114083,2979.3699381033125,130,0,178
AC-004,AC-004-landing_gear-14,landing_gear,13,0.14014178073749914,60.27660657975818,3002.5562148846698,130,0,178
AC-004,AC-004-landing_gear-14,landing_gear,14,0.16083602839882274,60.50259816326611,3057.7080658475993,130,0,178
AC-004,AC-004-landing_gear-14,landing_gear,15,0.1516777499154856,59.76051565691115,3048.9547836590323,130,0,178
AC-004,AC-004-landing_gear-14,landing_gear,16,0.14203354347833833,68.56453917838199,3013.9150011649963,130,0,178
AC-004,AC-004-landing_gear-14,landing_gear,17,0.15586059021806237,61.71210776789683,3088.3840299274207,130,0,178
AC-004,AC-004-landing_gear-14,landing_gear,18,0.16022591996952243,55.33822178650799,3064.037930297585,130,0,178
AC-004,AC-004-landing_gear-14,landing_gear,19,0.14915463097363466,60.492371669723624,2929.2010433430105,130,0,178
AC-004,AC-004-landing_gear-14,landing_gear,20,0.15810257061679,58.235247158834085,2997.433680738204,130,0,178
AC-004,AC-004-landing_gear-14,landing_gear,21,0.1502907168015872,65.98381886222056,3090.7617967267593,130,0,178
AC-004,AC-004-landing_gear-14,landing_gear,22,0.1539021977291642,60.421070869241014,2972.1623422771463,130,0,178
AC-004,AC-004-landing_gear-14,landing_gear,23,0.16481669086604414,59.263682252400955,2968.9154617316713,130,0,178
AC-004,AC-004-landing_gear-14,landing_gear,24,0.1638763212638432,58.657795555862954,2987.2045346050577,130,0,178
AC-004,AC-004-landing_gear-14,landing_gear,25,0.13862525224043862,62.4084617057394,3085.207720144297,130,0,178
AC-004,AC-004-landing_gear-14,landing_gear,26,0.1620127839640792,64.705432851714,2944.89347922825,130,0,178
AC-004,AC-004-landing_gear-14,landing_gear,27,0.15754014598907382,57.515647104811286,2974.806647604155,130,0,178
AC-004,AC-004-landing_gear-14,landing_gear,28,0.16328959362720513,60.67662709622191,2914.521338593459,130,0,178
AC-004,AC-004-landing_gear-14,landing_gear,29,0.14282196623536858,56.25465869157742,3008.6466100549897,130,0,178
AC-004,AC-004-landing_gear-14,landing_gear,30,0.17703018383655658,64.5134572973333,2888.1574374293905,130,0,178
AC-004,AC-004-landing_gear-14,landing_gear,31,0.17103518180210928,63.264162745804704,2904.5365429331314,130,0,178
AC-004,AC-004-landing_gear-14,landing_gear,32,0.15423979294790577,63.771354508821474,3008.130184573377,130,0,178
AC-004,AC-004-landing_gear-14,landing_gear,33,0.14464244803690793,62.347786371441096,2872.5025740338697,130,0,178
AC-004,AC-004-landing_gear-14,landing_gear,34,0.15598096900117045,63.961149692116315,2979.028535421919,130,0,178
AC-004,AC-004-landing_gear-14,landing_gear,35,0.1537098102092557,63.247984475242056,3025.539762197329,130,0,178
AC-004,AC-004-landing_gear-14,landing_gear,36,0.17230378033985494,63.23658617941819,3029.5263839336963,130,0,178
AC-004,AC-004-landing_gear-14,landing_gear,37,0.16705086944004885,61.44470487172765,2978.5506930130614,130,0,178
AC-004,AC-004-landing_gear-14,landing_gear,38,0.15788178988136534,57.04652092564345,2924.889392366105,130,0,178
AC-004,AC-004-landing_gear-14,landing_gear,39,0.15798104821183084,61.444436014219484,3043.2374484837255,130,0,178
AC-004,AC-004-landing_gear-14,landing_gear,40,0.16094422946344913,63.76790898877994,3023.666578175728,130,0,178
AC-004,AC-004-landing_gear-14,landing_gear,41,0.15962294522851544,62.57989818113744,2955.9904960326817,130,0,178
AC-004,AC-004-landing_gear-14,landing_gear,42,0.17574818636156497,62.74265184284981,2907.0709391435016,130,0,178
AC-004,AC-004-landing_gear-14,landing_gear,43,0.16474569090987326,65.81969944469397,2955.923929903772,130,0,178
AC-004,AC-004-landing_gear-14,landing_gear,44,0.16822541440901784,62.55418745375525,2911.5068174202574,130,0,178
AC-004,AC-004-landing_gear-14,landing_gear,45,0.16948736607211243,56.777180315894604,2930.371363799991,130,0,178
AC-004,AC-004-landing_gear-14,landing_gear,46,0.17578374147900705,62.07203632452942,2944.7054114685,130,0,178
AC-004,AC-004-landing_gear-14,landing_gear,47,0.17015154999278262,60.86551924208999,2958.7970857033765,130,0,178
AC-004,AC-004-landing_gear-14,landing_gear,48,0.17292975577597552,58.90866814527422,2958.38596558767,130,0,178
AC-004,AC-004-landing_gear-14,landing_gear,49,0.16392772204332876,56.37988347549225,2908.509468215814,129,0,178
AC-004,AC-004-landing_gear-14,landing_gear,50,0.18343550469283249,62.33773262523532,2886.478077670746,128,0,178
AC-004,AC-004-landing_gear-14,landing_gear,51,0.1530671354486867,60.89488691347964,3028.8041821063684,127,0,178
AC-004,AC-004-landing_gear-14,landing_gear,52,0.1673345395962817,65.20114005650039,2966.390882689399,126,0,178
AC-004,AC-004-landing_gear-14,landing_gear,53,0.1746602700121163,57.32268950099678,2993.6821049310684,125,0,178
AC-004,AC-004-landing_gear-14,landing_gear,54,0.16735829230243118,63.969784872510544,2904.0712004335815,124,0,178
AC-004,AC-004-landing_gear-14,landing_gear,55,0.17325215614395406,62.48811970640322,2935.0139003875934,123,0,178
AC-004,AC-004-landing_gear-14,landing_gear,56,0.17631536734558192,60.6854698020705,2908.160571242015,122,0,178
AC-004,AC-004-landing_gear-14,landing_gear,57,0.1891272047407032,64.68501665993523,2900.430440313555,121,0,178
AC-004,AC-004-landing_gear-14,landing_gear,58,0.17957347221893058,59.364565380095506,2877.0616900489254,120,0,178
AC-004,AC-004-landing_gear-14,landing_gear,59,0.1850579845793729,56.53569380074999,2980.4230885711386,119,0,178
AC-004,AC-004-landing_gear-14,landing_gear,60,0.173037730794229,61.069690452089056,2952.3143505279386,118,0,178
AC-004,AC-004-landing_gear-14,landing_gear,61,0.18223620854665631,59.28258516462753,2965.4216926329327,117,0,178
AC-004,AC-004-landing_gear-14,landing_gear,62,0.17843139506589797,58.05168160043894,2918.7124366592907,116,0,178
AC-004,AC-004-landing_gear-14,landing_gear,63,0.1919981518523447,66.90880850785412,2960.7064583557526,115,0,178
AC-004,AC-004-landing_gear-14,landing_gear,64,0.16718380157835924,63.41096980470386,2964.977081299512,114,0,178
AC-004,AC-004-landing_gear-14,landing_gear,65,0.18726039380869536,64.3550837977643,2938.1543166943547,113,0,178
AC-004,AC-004-landing_gear-14,landing_gear,66,0.18020947085484568,60.23713712849802,2822.6136394265222,112,0,178
AC-004,AC-004-landing_gear-14,landing_gear,67,0.18527449493010534,62.683363681821355,2942.870586106649,111,0,178
AC-004,AC-004-landing_gear-14,landing_gear,68,0.16946132610204137,64.12416760360988,3015.1625533044516,110,0,178
AC-004,AC-004-landing_gear-14,landing_gear,69,0.18459415286692568,62.06898081299015,2925.2910469798944,109,0,178
AC-004,AC-004-landing_gear-14,landing_gear,70,0.20512011308260394,59.24883957060037,2917.369032441694,108,0,178
AC-004,AC-004-landing_gear-14,landing_gear,71,0.17780146264105587,60.7455216284005,2902.0590529684837,107,0,178
AC-004,AC-004-landing_gear-14,landing_gear,72,0.20028676606087742,67.85720737838233,2924.2376841786904,106,0,178
AC-004,AC-004-landing_gear-14,landing_gear,73,0.18407728594739423,70.00109881175749,2877.7069874598465,105,0,178
AC-004,AC-004-landing_gear-14,landing_gear,74,0.1831757763190967,57.26764656377676,2966.1055505617196,104,0,178
AC-004,AC-004-landing_gear-14,landing_gear,75,0.1996276964236498,69.91643264167845,2824.0031910559287,103,0,178
AC-004,AC-004-landing_gear-14,landing_gear,76,0.2055992563641485,62.944909774388876,2930.924882068387,102,0,178
AC-004,AC-004-landing_gear-14,landing_gear,77,0.175626287419911,67.21118272339294,2927.0483473507097,101,0,178
AC-004,AC-004-landing_gear-14,landing_gear,78,0.19281567177686953,64.81565620463215,2846.512509281936,100,0,178
AC-004,AC-004-landing_gear-14,landing_gear,79,0.1885252873148685,61.564312037169515,2789.177771793658,99,0,178
AC-004,AC-004-landing_gear-14,landing_gear,80,0.20406639191085074,66.6047013071355,2843.7359739282956,98,0,178
AC-004,AC-004-landing_gear-14,landing_gear,81,0.20007415867857453,62.30952047738739,2892.168022053048,97,0,178
AC-004,AC-004-landing_gear-14,landing_gear,82,0.19147388040950314,60.53303471984466,2925.2713367768843,96,0,178
AC-004,AC-004-landing_gear-14,landing_gear,83,0.1982826740250333,69.32775217764564,2871.8584852362983,95,0,178
AC-004,AC-004-landing_gear-14,landing_gear,84,0.19084652927961587,67.02130994151587,2897.920515718979,94,0,178
AC-004,AC-004-landing_gear-14,landing_gear,85,0.20857617087910538,66.99229818607984,2830.5403393286674,93,0,178
AC-004,AC-004-landing_gear-14,landing_gear,86,0.20124924446348635,62.9871023424259,2795.4045996786476,92,0,178
AC-004,AC-004-landing_gear-14,landing_gear,87,0.2011144141151326,67.59249274807814,2868.5327302117853,91,0,178
AC-004,AC-004-landing_gear-14,landing_gear,88,0.19153244315381876,58.99868552715644,2936.590652451364,90,0,178
AC-004,AC-004-landing_gear-14,landing_gear,89,0.2053468098974487,61.807769382895145,2836.30041175515,89,0,178
AC-004,AC-004-landing_gear-14,landing_gear,90,0.19274806877673578,68.1040285365288,2826.957629600941,88,0,178
AC-004,AC-004-landing_gear-14,landing_gear,91,0.22248051066938018,64.07538816947502,2914.6592776830994,87,0,178
AC-004,AC-004-landing_gear-14,landing_gear,92,0.21267299220669145,66.5667678030246,2875.6718597277218,86,0,178
AC-004,AC-004-landing_gear-14,landing_gear,93,0.21765271245522266,65.138456884395,2824.5713260803464,85,0,178
AC-004,AC-004-landing_gear-14,landing_gear,94,0.23190210603705164,61.46237298613383,2832.8880244602965,84,0,178
AC-004,AC-004-landing_gear-14,landing_gear,95,0.2142387779541969,65.47998354017196,2807.619916499619,83,0,178
AC-004,AC-004-landing_gear-14,landing_gear,96,0.21859374509099244,63.856557713397535,2746.3789553678475,82,0,178
AC-004,AC-004-landing_gear-14,landing_gear,97,0.21691237048281842,61.15276050892621,2735.1024515568884,81,0,178
AC-004,AC-004-landing_gear-14,landing_gear,98,0.21957034916447496,66.01042442323077,2844.4639262183455,80,0,178
AC-004,AC-004-landing_gear-14,landing_gear,99,0.22527229411728694,58.84227207365083,2746.34758814572,79,0,178
AC-004,AC-004-landing_gear-14,landing_gear,100,0.24074897525691338,61.592624445687335,2841.1720225200966,78,0,178
AC-004,AC-004-landing_gear-14,landing_gear,101,0.21557176126598263,65.0684273833121,2775.1609232659443,77,0,178
AC-004,AC-004-landing_gear-14,landing_gear,102,0.22949812837487965,65.33583680719565,2780.564933107966,76,0,178
AC-004,AC-004-landing_gear-14,landing_gear,103,0.21483677773009607,65.8258891876044,2738.4613962427957,75,0,178
AC-004,AC-004-landing_gear-14,landing_gear,104,0.23108329419850923,73.00002031226408,2862.685879156965,74,0,178
AC-004,AC-004-landing_gear-14,landing_gear,105,0.23547615024881788,64.96268953210163,2694.2819116368205,73,0,178
AC-004,AC-004-landing_gear-14,landing_gear,106,0.2165681977756276,69.1677826839501,2747.7360313680824,72,0,178
AC-004,AC-004-landing_gear-14,landing_gear,107,0.22431113385991994,64.92329222905195,2730.087940813511,71,0,178
AC-004,AC-004-landing_gear-14,landing_gear,108,0.22056276335515274,65.37060782836701,2734.542325397947,70,0,178
AC-004,AC-004-landing_gear-14,landing_gear,109,0.22696126351416662,63.28119020902269,2801.1274791931755,69,0,178
AC-004,AC-004-landing_gear-14,landing_gear,110,0.23360539377046616,65.19272747467976,2800.7095597309917,68,0,178
AC-004,AC-004-landing_gear-14,landing_gear,111,0.23607565870873232,64.9983090140326,2790.199705002344,67,0,178
AC-004,AC-004-landing_gear-14,landing_gear,112,0.24576164009445775,65.49742361206629,2766.484624357342,66,0,178
AC-004,AC-004-landing_gear-14,landing_gear,113,0.23285956898154564,63.46311562243168,2796.6507850213297,65,0,178
AC-004,AC-004-landing_gear-14,landing_gear,114,0.24673890427650036,67.51852755865335,2767.9374277001316,64,0,178
AC-004,AC-004-landing_gear-14,landing_gear,115,0.24437773153355669,68.35028225749545,2796.3135746500534,63,0,178
AC-004,AC-004-landing_gear-14,landing_gear,116,0.25466839670384434,66.0680740289579,2814.5333254236075,62,0,178
AC-004,AC-004-landing_gear-14,landing_gear,117,0.24949534409796958,68.37784439640716,2754.875761793354,61,0,178
AC-004,AC-004-landing_gear-14,landing_gear,118,0.25134962773637437,64.38471474001787,2771.3887134864876,60,0,178
AC-004,AC-004-landing_gear-14,landing_gear,119,0.279015530743673,65.57978722860287,2735.3828376523234,59,0,178
AC-004,AC-004-landing_gear-14,landing_gear,120,0.24779776303636572,65.35326134063675,2804.5296320930315,58,0,178
AC-004,AC-004-landing_gear-14,landing_gear,121,0.24724153713998326,65.5091750677181,2643.3686993007473,57,0,178
AC-004,AC-004-landing_gear-14,landing_gear,122,0.2481207644614327,61.92125910159697,2749.731883742316,56,0,178
AC-004,AC-004-landing_gear-14,landing_gear,123,0.28543369106700334,66.06241154229045,2630.1641864208073,55,0,178
AC-004,AC-004-landing_gear-14,landing_gear,124,0.26819075538688036,65.09860903938174,2773.791989880789,54,0,178
AC-004,AC-004-landing_gear-14,landing_gear,125,0.2581387109108141,65.50181969199923,2695.2114518428125,53,0,178
AC-004,AC-004-landing_gear-14,landing_gear,126,0.2703192143963837,66.83383456020115,2674.5199067615895,52,0,178
AC-004,AC-004-landing_gear-14,landing_gear,127,0.26254977890771913,63.82030744233121,2714.416660281345,51,0,178
AC-004,AC-004-landing_gear-14,landing_gear,128,0.24848167990172254,66.42423202624823,2727.705404867746,50,0,178
AC-004,AC-004-landing_gear-14,landing_gear,129,0.2712044823243404,69.64922835196006,2681.6170510440243,49,0,178
AC-004,AC-004-landing_gear-14,landing_gear,130,0.2817107177118877,70.77498131711155,2702.271701140297,48,0,178
AC-004,AC-004-landing_gear-14,landing_gear,131,0.2811421728343651,70.37571833395938,2653.0489175027096,47,0,178
AC-004,AC-004-landing_gear-14,landing_gear,132,0.2602953878556912,69.51004484236817,2697.3461229479594,46,0,178
AC-004,AC-004-landing_gear-14,landing_gear,133,0.2865209615475427,65.56545228394127,2619.701802673056,45,0,178
AC-004,AC-004-landing_gear-14,landing_gear,134,0.2821113117149651,68.2873196368999,2565.6790953330774,44,0,178
AC-004,AC-004-landing_gear-14,landing_gear,135,0.28317366085733736,63.0709032030195,2607.6102944868767,43,0,178
AC-004,AC-004-landing_gear-14,landing_gear,136,0.2948638658684824,74.2311071960801,2588.9583758700514,42,0,178
AC-004,AC-004-landing_gear-14,landing_gear,137,0.27999181243801796,69.01358275671245,2733.632738880025,41,0,178
AC-004,AC-004-landing_gear-14,landing_gear,138,0.2803099167583422,67.58525501333925,2716.79999462558,40,0,178
AC-004,AC-004-landing_gear-14,landing_gear,139,0.2834577958860228,71.3136509544464,2560.2610186424977,39,0,178
AC-004,AC-004-landing_gear-14,landing_gear,140,0.28747464390107896,64.30034090782094,2576.063054040209,38,0,178
AC-004,AC-004-landing_gear-14,landing_gear,141,0.29957447157449957,69.26244769493833,2607.5581582444124,37,0,178
AC-004,AC-004-landing_gear-14,landing_gear,142,0.2857046512163201,68.8841749440181,2633.2099318053565,36,0,178
AC-004,AC-004-landing_gear-14,landing_gear,143,0.30504520170607696,61.80562925714022,2571.169168909634,35,0,178
AC-004,AC-004-landing_gear-14,landing_gear,144,0.2988450970008573,69.52035295737764,2627.491119915757,34,0,178
AC-004,AC-004-landing_gear-14,landing_gear,145,0.3019818351299185,69.0391585622633,2575.5068541509,33,0,178
AC-004,AC-004-landing_gear-14,landing_gear,146,0.29891791781316135,73.53775589683599,2559.7384494600037,32,0,178
AC-004,AC-004-landing_gear-14,landing_gear,147,0.302825568673118,70.78026903563243,2668.807850748236,31,0,178
AC-004,AC-004-landing_gear-14,landing_gear,148,0.30254545926841325,73.24632275808464,2646.8028585611805,30,0,178
AC-004,AC-004-landing_gear-14,landing_gear,149,0.30702010789926654,69.87835309938124,2563.126914933128,29,0,178
AC-004,AC-004-landing_gear-14,landing_gear,150,0.30722273065732164,73.214783715047,2585.4679335301157,28,0,178
AC-004,AC-004-landing_gear-14,landing_gear,151,0.31427137329419835,67.41889454902714,2519.8428929245724,27,0,178
AC-004,AC-004-landing_gear-14,landing_gear,152,0.3355046614051994,70.40453570129591,2523.740885134603,26,0,178
AC-004,AC-004-landing_gear-14,landing_gear,153,0.33054710452043035,71.92783317035314,2585.6114448711264,25,0,178
AC-004,AC-004-landing_gear-14,landing_gear,154,0.3170357645710074,70.27172974985777,2542.4107205116084,24,0,178
AC-004,AC-004-landing_gear-14,landing_gear,155,0.30678317883229966,71.11025514075938,2559.8401590913686,23,0,178
AC-004,AC-004-landing_gear-14,landing_gear,156,0.34132372083736445,71.77926976161078,2422.4402452256795,22,0,178
AC-004,AC-004-landing_gear-14,landing_gear,157,0.3241019648868994,79.8879670136413,2576.5401271765973,21,0,178
AC-004,AC-004-landing_gear-14,landing_gear,158,0.3191698632446561,73.59190305547446,2490.155988268201,20,0,178
AC-004,AC-004-landing_gear-14,landing_gear,159,0.31599181370744767,70.9235511704922,2525.829951554166,19,0,178
AC-004,AC-004-landing_gear-14,landing_gear,160,0.3130736728509343,68.67220398673531,2515.729503825069,18,0,178
AC-004,AC-004-landing_gear-14,landing_gear,161,0.32999303783990847,73.45608512009147,2448.400531368444,17,0,178
AC-004,AC-004-landing_gear-14,landing_gear,162,0.3435096515620385,68.87329031391978,2585.1540108928666,16,0,178
AC-004,AC-004-landing_gear-14,landing_gear,163,0.3215188784616076,69.30076794254248,2517.7313100038828,15,0,178
AC-004,AC-004-brakes-15,brakes,1,0.20026785352509588,111.78929236707845,1485.2910495528188,130,0,250
AC-004,AC-004-brakes-15,brakes,2,0.18184055420028086,109.77224025778503,1512.0332675795923,130,0,250
AC-004,AC-004-brakes-15,brakes,3,0.18319553026868057,122.5607520537869,1460.902117433367,130,0,250
AC-004,AC-004-brakes-15,brakes,4,0.20452254530175132,116.09821944829629,1542.1216660095192,130,0,250
AC-004,AC-004-brakes-15,brakes,5,0.204975783433686,129.89826314395313,1477.2105985072444,130,0,250
AC-004,AC-004-brakes-15,brakes,6,0.20101495010366252,112.16858273506978,1487.4190427176675,130,0,250
AC-004,AC-004-brakes-15,brakes,7,0.19630363665883058,114.2166542345029,1463.2997142346292,130,0,250
AC-004,AC-004-brakes-15,brakes,8,0.17910444014521024,101.31273507434082,1468.0024060948963,130,0,250
AC-004,AC-004-brakes-15,brakes,9,0.20980120845007766,107.25089174389375,1458.5675146124008,130,0,250
AC-004,AC-004-brakes-15,brakes,10,0.22734347856849374,114.95603160121397,1509.151380274945,130,0,250
AC-004,AC-004-brakes-15,brakes,11,0.21021555719750742,125.35828903825025,1453.7497730817583,130,0,250
AC-004,AC-004-brakes-15,brakes,12,0.19722530480150766,107.12330184385286,1572.6983357673098,130,0,250
AC-004,AC-004-brakes-15,brakes,13,0.17688807103976603,111.69839824904143,1467.9707743547547,130,0,250
AC-004,AC-004-brakes-15,brakes,14,0.1784908928491568,130.91483127805236,1571.7326370325047,130,0,250
AC-004,AC-004-brakes-15,brakes,15,0.19394376321031076,109.54461482524472,1431.8122350382193,130,0,250
AC-004,AC-004-brakes-15,brakes,16,0.1975671692221685,117.59195661470845,1479.2323162091955,130,0,250
AC-004,AC-004-brakes-15,brakes,17,0.20470782880964344,123.3001051425239,1508.3052977381371,130,0,250
AC-004,AC-004-brakes-15,brakes,18,0.1968133269204727,111.3425453634059,1518.4197929342015,130,0,250
AC-004,AC-004-brakes-15,brakes,19,0.20192050639132297,127.2801401986772,1521.969466484167,130,0,250
AC-004,AC-004-brakes-15,brakes,20,0.1805935689642933,108.71822234033917,1475.413778437784,130,0,250
AC-004,AC-004-brakes-15,brakes,21,0.18627281887563998,126.2536942078088,1508.4224902796375,130,0,250
AC-004,AC-004-brakes-15,brakes,22,0.21881095990677968,123.40421453928735,1503.936287456201,130,0,250
AC-004,AC-004-brakes-15,brakes,23,0.22053514670516255,124.01173871788038,1499.5038289031315,130,0,250
AC-004,AC-004-brakes-15,brakes,24,0.22497159550896031,121.19792706522233,1488.1049818524625,130,0,250
AC-004,AC-004-brakes-15,brakes,25,0.19043265111833527,125.92420367236329,1534.1115162552742,130,0,250
AC-004,AC-004-brakes-15,brakes,26,0.20248598897849857,130.7878049902387,1437.6547490408527,130,0,250
AC-004,AC-004-brakes-15,brakes,27,0.2026673993778813,120.02916070316451,1474.6909688277797,130,0,250
AC-004,AC-004-brakes-15,brakes,28,0.2395211155697281,119.84677893848992,1484.0048768518668,130,0,250
AC-004,AC-004-brakes-15,brakes,29,0.2044262317015026,104.38117009179336,1473.1671622396525,130,0,250
AC-004,AC-004-brakes-15,brakes,30,0.21906859954168106,115.4004371605378,1470.8137451159919,130,0,250
AC-004,AC-004-brakes-15,brakes,31,0.22425568454771602,131.18331520761464,1510.8969141648342,130,0,250
AC-004,AC-004-brakes-15,brakes,32,0.19808843998942002,118.57575147906941,1470.9603011527513,130,0,250
AC-004,AC-004-brakes-15,brakes,33,0.19030560321457032,112.16738809353255,1476.2311677964437,130,0,250
AC-004,AC-004-brakes-15,brakes,34,0.19002798513972882,108.0452390516548,1501.0332800926171,130,0,250
AC-004,AC-004-brakes-15,brakes,35,0.20939893371340157,134.19434206742653,1474.0698489493589,130,0,250
AC-004,AC-004-brakes-15,brakes,36,0.21066230884434906,123.12378063419841,1486.164073166234,130,0,250
AC-004,AC-004-brakes-15,brakes,37,0.21773620383124515,126.85895349480572,1503.251132855926,130,0,250
AC-004,AC-004-brakes-15,brakes,38,0.20309660442428307,117.83287913156371,1452.0361830360882,130,0,250
AC-004,AC-004-brakes-15,brakes,39,0.19521203332073464,115.7540198087865,1458.980047127117,130,0,250
AC-004,AC-004-brakes-15,brakes,40,0.21427885950031497,130.3410229518961,1465.0781270301254,130,0,250
AC-004,AC-004-brakes-15,brakes,41,0.21232042153616956,112.53399088376233,1482.7835348718252,130,0,250
AC-004,AC-004-brakes-15,brakes,42,0.19811225631233337,125.66188518885154,1471.1691547847347,130,0,250
AC-004,AC-004-brakes-15,brakes,43,0.2240501062055997,118.9217538107024,1471.636688712155,130,0,250
AC-004,AC-004-brakes-15,brakes,44,0.19049322106482255,122.9549160823628,1517.5637520667854,130,0,250
AC-004,AC-004-brakes-15,brakes,45,0.21381981884805312,138.8826533313154,1533.1736235741125,130,0,250
AC-004,AC-004-brakes-15,brakes,46,0.20554388352924477,118.47146052954345,1503.9341015845607,130,0,250
AC-004,AC-004-brakes-15,brakes,47,0.19803291229361475,130.3906264522599,1500.2448156553075,130,0,250
AC-004,AC-004-brakes-15,brakes,48,0.214906083662878,126.60154934216652,1540.6256965010718,130,0,250
AC-004,AC-004-brakes-15,brakes,49,0.2140891302828126,120.24815703302892,1533.7367886996774,130,0,250
AC-004,AC-004-brakes-15,brakes,50,0.22651325623986704,118.63216127693022,1488.1555934597707,130,0,250
AC-004,AC-004-brakes-15,brakes,51,0.215415513739082,124.14298355683987,1446.8172044718267,130,0,250
AC-004,AC-004-brakes-15,brakes,52,0.1898419308829766,114.19879982398038,1458.0786467096598,130,0,250
AC-004,AC-004-brakes-15,brakes,53,0.20382583979041247,126.42600513672004,1481.448925310258,130,0,250
AC-004,AC-004-brakes-15,brakes,54,0.21694271907515283,111.6052527196619,1472.1539339123717,130,0,250
AC-004,AC-004-brakes-15,brakes,55,0.22332886492617263,126.21161966541442,1463.7427851543628,130,0,250
AC-004,AC-004-brakes-15,brakes,56,0.21747773579569332,139.09606282785865,1484.419262122331,130,0,250
AC-004,AC-004-brakes-15,brakes,57,0.20519739580786334,120.16942088510272,1487.170113225805,130,0,250
AC-004,AC-004-brakes-15,brakes,58,0.21387967428964177,121.36388239458799,1440.5493960918948,130,0,250
AC-004,AC-004-brakes-15,brakes,59,0.20226934287371073,120.47619810342802,1478.3331608993267,130,0,250
AC-004,AC-004-brakes-15,brakes,60,0.2087871608771,120.3118913113885,1484.5504456624262,130,0,250
AC-004,AC-004-brakes-15,brakes,61,0.2312020018478679,120.99238611819159,1494.1122961589476,130,0,250
AC-004,AC-004-brakes-15,brakes,62,0.21032719547849119,126.42188578878785,1492.8207089283708,130,0,250
AC-004,AC-004-brakes-15,brakes,63,0.2320384550476973,127.6128036995559,1498.6108686864343,130,0,250
AC-004,AC-004-brakes-15,brakes,64,0.2181845388701333,123.92559381635576,1512.2444678535458,130,0,250
AC-004,AC-004-brakes-15,brakes,65,0.2104988814589581,117.00073777042508,1485.1629419385108,130,0,250
AC-004,AC-004-brakes-15,brakes,66,0.22713799535398183,115.49802800588796,1476.8483230976008,130,0,250
AC-004,AC-004-brakes-15,brakes,67,0.22013721838656825,104.43247907517224,1471.8649803222372,130,0,250
AC-004,AC-004-brakes-15,brakes,68,0.21983543250727303,120.93717645741584,1520.282228237318,130,0,250
AC-004,AC-004-brakes-15,brakes,69,0.2046158255223669,115.6882994303631,1398.78132605042,130,0,250
AC-004,AC-004-brakes-15,brakes,70,0.2163062500073879,119.18685156699199,1461.1806847099724,130,0,250
AC-004,AC-004-brakes-15,brakes,71,0.24081196009225642,129.3046201786957,1478.1389017280192,130,0,250
AC-004,AC-004-brakes-15,brakes,72,0.21932400419690207,130.69783734485492,1474.5240642049246,130,0,250
AC-004,AC-004-brakes-15,brakes,73,0.21330514941622314,108.82793058012358,1461.1813651831296,130,0,250
AC-004,AC-004-brakes-15,brakes,74,0.23760445425758914,140.84078951634473,1475.5635103856844,130,0,250
AC-004,AC-004-brakes-15,brakes,75,0.21551966727319544,113.2202783337263,1489.558646889168,130,0,250
AC-004,AC-004-brakes-15,brakes,76,0.201255559214236,127.1752408112391,1496.8065481878873,130,0,250
AC-004,AC-004-brakes-15,brakes,77,0.235003391798493,121.08862662449155,1488.4890196064043,130,0,250
AC-004,AC-004-brakes-15,brakes,78,0.23176727556692453,116.69532926511528,1526.3091696712509,130,0,250
AC-004,AC-004-brakes-15,brakes,79,0.22468160930584227,129.20169840359927,1397.4847715191286,130,0,250
AC-004,AC-004-brakes-15,brakes,80,0.24986706324171395,134.82210995723665,1470.1750136137991,130,0,250
AC-004,AC-004-brakes-15,brakes,81,0.23987436552106636,127.6174014528605,1449.2236929107783,130,0,250
AC-004,AC-004-brakes-15,brakes,82,0.24048203458159012,116.75847624101955,1449.4620922906402,130,0,250
AC-004,AC-004-brakes-15,brakes,83,0.2499713471481845,131.10398152560163,1445.7415349365263,130,0,250
AC-004,AC-004-brakes-15,brakes,84,0.2228651548474844,118.22210718033863,1488.1103869939648,130,0,250
AC-004,AC-004-brakes-15,brakes,85,0.21968022828784406,126.32170111228763,1487.7254043190287,130,0,250
AC-004,AC-004-brakes-15,brakes,86,0.2341771182456035,131.6305895749194,1455.3698949153063,130,0,250
AC-004,AC-004-brakes-15,brakes,87,0.2331233659850913,115.81515015094516,1494.184120428606,130,0,250
AC-004,AC-004-bogie-16,bogie,1,0.24858745276216448,75.7896023664698,193.9074993239339,130,0,165
AC-004,AC-004-bogie-16,bogie,2,0.27771254119954747,80.80956864620367,189.9026196350001,130,0,165
AC-004,AC-004-bogie-16,bogie,3,0.2562305326891226,79.42215544386976,234.52724088194594,130,0,165
AC-004,AC-004-bogie-16,bogie,4,0.2559228625017766,78.48925451439753,214.17677137254506,130,0,165
AC-004,AC-004-bogie-16,bogie,5,0.21352362927122298,80.39564609843532,219.90755400098885,130,0,165
AC-004,AC-004-bogie-16,bogie,6,0.24817188208139998,73.09324210239942,195.98792779391056,130,0,165
AC-004,AC-004-bogie-16,bogie,7,0.27976529194865735,81.5402747121885,191.539446251064,130,0,165
AC-004,AC-004-bogie-16,bogie,8,0.23717668655614405,77.80821452605271,203.51794761923603,130,0,165
AC-004,AC-004-bogie-16,bogie,9,0.27787962513811193,84.2691961834281,204.44111355662847,130,0,165
AC-004,AC-004-bogie-16,bogie,10,0.2247445152671699,74.76173183566993,205.18559642885023,130,0,165
AC-004,AC-004-bogie-16,bogie,11,0.22475724470800876,79.18662080461448,202.86372668408399,130,0,165
AC-004,AC-004-bogie-16,bogie,12,0.2292315911671264,76.00873578653149,198.84721910638794,130,0,165
AC-004,AC-004-bogie-16,bogie,13,0.26240082944194115,84.37022567853289,205.82223315394978,130,0,165
AC-004,AC-004-bogie-16,bogie,14,0.2541728564177502,77.15920629339348,189.00295942631146,130,0,165
AC-004,AC-004-bogie-16,bogie,15,0.24288163178713607,81.80503159612061,203.03565855387674,130,0,165
AC-004,AC-004-bogie-16,bogie,16,0.2115281310843956,77.04535432953789,211.66895063084576,130,0,165
AC-004,AC-004-bogie-16,bogie,17,0.25556501720952635,74.54426921443837,223.13360208228087,130,0,165
AC-004,AC-004-bogie-16,bogie,18,0.2538839752710601,81.77535236617926,203.51921450260008,130,0,165
AC-004,AC-004-bogie-16,bogie,19,0.24762054246742987,77.35490270154821,220.68635499299182,130,0,165
AC-004,AC-004-bogie-16,bogie,20,0.27557375926563327,83.58159637100954,205.17519678403244,130,0,165
AC-004,AC-004-bogie-16,bogie,21,0.2360080323580556,85.43408770910985,190.920739535585,130,0,165
AC-004,AC-004-bogie-16,bogie,22,0.26233240262967955,73.79799593369728,178.88030038241368,130,0,165
AC-004,AC-004-bogie-16,bogie,23,0.2636523254304728,77.15221633801559,179.3310974734368,130,0,165
AC-004,AC-004-bogie-16,bogie,24,0.2687460743564622,88.90346358007093,213.04932159406508,130,0,165
AC-004,AC-004-bogie-16,bogie,25,0.2534624577216838,80.49451804956097,207.95878892229274,130,0,165
AC-004,AC-004-bogie-16,bogie,26,0.2817538551625383,79.12245951220868,199.34857238222278,130,0,165
AC-004,AC-004-bogie-16,bogie,27,0.26605361844934033,82.75104247119798,197.59816119972203,130,0,165
AC-004,AC-004-bogie-16,bogie,28,0.2583971931702505,86.09527054950425,210.9433245634555,130,0,165
AC-004,AC-004-bogie-16,bogie,29,0.27113223350728927,87.49425078881531,194.89991336028862,130,0,165
AC-004,AC-004-bogie-16,bogie,30,0.29485616318746366,82.83121879893558,231.38794717255914,130,0,165
AC-004,AC-004-bogie-16,bogie,31,0.23938727606490143,77.94858776982667,202.77604072461338,130,0,165
AC-004,AC-004-bogie-16,bogie,32,0.2720493642551721,88.55280570713167,191.8117536261415,130,0,165
AC-004,AC-004-bogie-16,bogie,33,0.2830983703738777,85.44985201872798,205.44647832220647,130,0,165
AC-004,AC-004-bogie-16,bogie,34,0.2467029381752877,86.48025468841807,210.59481037835158,130,0,165
AC-004,AC-004-bogie-16,bogie,35,0.27886496863272214,81.71729892147127,200.4612637551728,130,0,165
AC-004,AC-004-bogie-16,bogie,36,0.2662765238246339,83.51520665271305,198.40721629804483,129,0,165
AC-004,AC-004-bogie-16,bogie,37,0.25188624980424196,76.81132671729202,190.4682508702723,128,0,165
AC-004,AC-004-bogie-16,bogie,38,0.27433245201352346,80.95296636959435,200.03185850221715,127,0,165
AC-005,AC-005-engine-17,engine,1,0.2946554285207789,547.8358121782873,40.482214769568394,130,0,216
AC-005,AC-005-engine-17,engine,2,0.2633083761994121,546.0591161601645,40.98038692763559,130,0,216
AC-005,AC-005-engine-17,engine,3,0.26533836697431334,555.6143949044189,41.50959335648259,130,0,216
AC-005,AC-005-engine-17,engine,4,0.29276521423117935,551.5062174722482,41.11634360062606,130,0,216
AC-005,AC-005-engine-17,engine,5,0.2909053427823395,554.4125551575006,39.32456451076782,130,0,216
AC-005,AC-005-engine-17,engine,6,0.2907951763555586,546.1094133573874,40.33647435968863,130,0,216
AC-005,AC-005-engine-17,engine,7,0.3236319890760023,549.2238433469588,38.72034891964864,130,0,216
AC-005,AC-005-engine-17,engine,8,0.27896314750488094,552.1616116473191,41.8331424764944,130,0,216
AC-005,AC-005-engine-17,engine,9,0.308655749986288,548.3042325245216,40.7522950779614,130,0,216
AC-005,AC-005-engine-17,engine,10,0.29617453346110456,548.4032841326576,39.0243941178987,130,0,216
AC-005,AC-005-engine-17,engine,11,0.3293360293540629,537.6605597780909,40.777111600827965,130,0,216
AC-005,AC-005-engine-17,engine,12,0.29211399013293815,548.3726790587914,41.667623798093125,130,0,216
AC-005,AC-005-engine-17,engine,13,0.28734739358809774,547.097714500777,39.84062770895427,130,0,216
AC-005,AC-005-engine-17,engine,14,0.3101673798150102,548.3683531187139,38.39253338770828,130,0,216
AC-005,AC-005-engine-17,engine,15,0.28485617527125356,557.0697672761497,40.03619654222193,130,0,216
AC-005,AC-005-engine-17,engine,16,0.3114908814765456,549.4473521260004,39.29660655622728,130,0,216
AC-005,AC-005-engine-17,engine,17,0.33633881183701436,549.9107532490382,39.50707593665943,130,0,216
AC-005,AC-005-engine-17,engine,18,0.3250478473271068,547.3430593167742,39.349717100670446,130,0,216
AC-005,AC-005-engine-17,engine,19,0.3036868009642886,551.0652544127591,40.19771148507743,130,0,216
AC-005,AC-005-engine-17,engine,20,0.34569140647926777,552.8600821096768,37.55335893162506,130,0,216
AC-005,AC-005-engine-17,engine,21,0.3107794510908534,551.4890720403492,39.96783274040084,130,0,216
AC-005,AC-005-engine-17,engine,22,0.30958715606446663,551.2830060239031,39.8643975091394,130,0,216
AC-005,AC-005-engine-17,engine,23,0.3173631218497367,548.84861307507,38.9616072171729,130,0,216
AC-005,AC-005-engine-17,engine,24,0.3660311846080033,548.1182436452914,40.00137748036131,130,0,216
AC-005,AC-005-engine-17,engine,25,0.2761149585627396,552.4242809469991,38.95960709677294,130,0,216
AC-005,AC-005-engine-17,engine,26,0.29767060287139485,557.2175644125319,40.356097359873274,130,0,216
AC-005,AC-005-engine-17,engine,27,0.3183994404914964,543.2924133080406,41.71189516982901,130,0,216
AC-005,AC-005-engine-17,engine,28,0.28372410217622424,559.9533321921826,40.88711313895816,130,0,216
AC-005,AC-005-engine-17,engine,29,0.31965815174927387,548.2035890412743,40.007385455244766,130,0,216
AC-005,AC-005-engine-17,engine,30,0.2992621273426584,552.7975898328351,39.59580675326012,130,0,216
AC-005,AC-005-engine-17,engine,31,0.2684966941895395,558.4410859641135,39.75411232218864,130,0,216
AC-005,AC-005-engine-17,engine,32,0.3001805352198318,550.2161964833134,40.18287658596896,130,0,216
AC-005,AC-005-engine-17,engine,33,0.29262834545633276,541.9335164977532,40.22040140814655,130,0,216
AC-005,AC-005-engine-17,engine,34,0.3215317513171611,552.408691013786,38.65388038955622,130,0,216
AC-005,AC-005-engine-17,engine,35,0.31359391143506965,546.2875383470465,38.762721392338406,130,0,216
AC-005,AC-005-engine-17,engine,36,0.2974860412699168,558.0391397989023,39.41516682734086,130,0,216
AC-005,AC-005-engine-17,engine,37,0.30424676127064365,563.8080454817201,40.117723128190086,130,0,216
AC-005,AC-005-engine-17,engine,38,0.320707359345299,552.4071118432291,39.15602888106007,130,0,216
AC-005,AC-005-engine-17,engine,39,0.2709420100885459,559.3262450978893,40.187507236620576,130,0,216
AC-005,AC-005-engine-17,engine,40,0.31184877890116386,554.0292300024785,40.461795839764484,130,0,216
AC-005,AC-005-engine-17,engine,41,0.28511914730383503,552.0046721316686,38.575459825722014,130,0,216
AC-005,AC-005-engine-17,engine,42,0.3524440745386238,559.5769659308714,37.49483822306217,130,0,216
AC-005,AC-005-engine-17,engine,43,1.187558486603003,554.7874635913745,39.21051589217997,130,1,216
AC-005,AC-005-engine-17,engine,44,0.29218519534463505,565.4294010373608,39.98057832276172,130,0,216
AC-005,AC-005-engine-17,engine,45,0.32902757645726183,552.5078071982834,40.375051924955784,130,0,216
AC-005,AC-005-engine-17,engine,46,0.3128002953976437,554.8193523756325,40.248176171073546,130,0,216
AC-005,AC-005-engine-17,engine,47,0.2887259900568187,564.4952880475403,39.80361692391455,130,0,216
AC-005,AC-005-engine-17,engine,48,0.34784110639783067,551.413024673696,38.68177314757674,130,0,216
AC-005,AC-005-engine-17,engine,49,0.2999197887778803,558.3274807330087,39.65428920040933,130,0,216
AC-005,AC-005-engine-17,engine,50,0.314824417936364,552.297409522542,38.30473432011827,130,0,216
AC-005,AC-005-engine-17,engine,51,0.3241171275461424,555.337478910699,38.86840535332075,130,0,216
AC-005,AC-005-landing_gear-18,landing_gear,1,0.14467036868074615,60.73452155190085,2997.2184911669883,130,0,279
AC-005,AC-005-landing_gear-18,landing_gear,2,0.13303533893511127,64.28578572081125,2993.2114875675993,130,0,279
AC-005,AC-005-landing_gear-18,landing_gear,3,0.15749019676448778,57.7456481371592,2991.6884087392564,130,0,279
AC-005,AC-005-landing_gear-18,landing_gear,4,0.14137772452193653,63.71107865636819,3015.447139049413,130,0,279
AC-005,AC-005-landing_gear-18,landing_gear,5,0.15374279795613713,64.07936995393682,3057.624364340076,130,0,279
AC-005,AC-005-landing_gear-18,landing_gear,6,0.15775748363399553,55.74175517706312,2964.9385552971453,130,0,279
AC-005,AC-005-landing_gear-18,landing_gear,7,0.14010275351096985,62.19204340561629,3008.1549040979467,130,0,279
AC-005,AC-005-landing_gear-18,landing_gear,8,0.13627986814837437,59.44610019327833,2924.80106992158,130,0,279
AC-005,AC-005-landing_gear-18,landing_gear,9,0.1497025662327259,55.04949122893334,3025.8170250334347,130,0,279
AC-005,AC-005-landing_gear-18,landing_gear,10,0.1540686770176537,65.74311553052817,3041.6228624553655,130,0,279
AC-005,AC-005-landing_gear-18,landing_gear,11,0.14612060885812367,62.47752704091337,2929.1841355091447,130,0,279
AC-005,AC-005-landing_gear-18,landing_gear,12,0.14079150705371984,61.02717646892738,2890.9775619545217,130,0,279
AC-005,AC-005-landing_gear-18,landing_gear,13,0.1501168879305201,56.971776508968674,3003.762697344706,130,0,279
AC-005,AC-005-landing_gear-18,landing_gear,14,0.1397891759038608,61.31051371132113,2999.455599225147,130,0,279
AC-005,AC-005-landing_gear-18,landing_gear,15,0.1646540233727675,60.063561215901814,2959.833555208049,130,0,279
AC-005,AC-005-landing_gear-18,landing_gear,16,0.1482711113804484,56.01662213819789,3018.3336095653485,130,0,279
AC-005,AC-005-landing_gear-18,landing_gear,17,0.15673385915178722,67.46327855598742,2966.680582633421,130,0,279
AC-005,AC-005-landing_gear-18,landing_gear,18,0.14825857871694226,58.335159390264955,3008.1082865133767,130,0,279
AC-005,AC-005-landing_gear-18,landing_gear,19,0.154860378578696,59.90944034897446,3051.533700553252,130,0,279
AC-005,AC-005-landing_gear-18,landing_gear,20,0.14498640799170415,63.035602345622266,3023.841684604049,130,0,279
AC-005,AC-005-landing_gear-18,landing_gear,21,0.1511544146407608,59.14017100037858,3117.934151030568,130,0,279
AC-005,AC-005-landing_gear-18,landing_gear,22,0.14322891915797403,60.9870665752649,2958.7583647135075,130,0,279
AC-005,AC-005-landing_gear-18,landing_gear,23,0.16938528599239874,62.76241755347666,2962.004963374781,130,0,279
AC-005,AC-005-landing_gear-18,landing_gear,24,0.15679088229643506,60.88408265463785,2969.728942268936,130,0,279
AC-005,AC-005-landing_gear-18,landing_gear,25,0.1593882094054879,61.28835398886031,3005.9674230724145,130,0,279
AC-005,AC-005-landing_gear-18,landing_gear,26,0.15153478600701248,61.42342901909468,3006.258761422794,130,0,279
AC-005,AC-005-landing_gear-18,landing_gear,27,0.15269811335106181,58.21743092009142,3079.06916531596,130,0,279
AC-005,AC-005-landing_gear-18,landing_gear,28,0.14176195850384832,61.43398585246149,2977.9448750520382,130,0,279
AC-005,AC-005-landing_gear-18,landing_gear,29,0.1700263895634952,57.451613512928624,2956.754391927978,130,0,279
AC-005,AC-005-landing_gear-18,landing_gear,30,0.1429032761831986,61.14382560723962,2924.410248846056,130,0,279
AC-005,AC-005-landing_gear-18,landing_gear,31,0.1479924928302001,53.728087716622326,3004.6136602989973,130,0,279
AC-005,AC-005-landing_gear-18,landing_gear,32,0.14795773116732233,55.73315508519678,3046.38745746901,130,0,279
AC-005,AC-005-landing_gear-18,landing_gear,33,0.140071093763289,62.60068191989387,2956.5539248082405,130,0,279
AC-005,AC-005-landing_gear-18,landing_gear,34,0.16935714053349235,62.47141340041431,2940.687135110864,130,0,279
AC-005,AC-005-landing_gear-18,landing_gear,35,0.144370046254981,62.0526337341452,2977.4387687256008,130,0,279
AC-005,AC-005-landing_gear-18,landing_gear,36,0.1520526727445626,64.06645643963472,2952.5759621587654,130,0,279
AC-005,AC-005-landing_gear-18,landing_gear,37,0.1548700425893693,63.12769037213124,3029.9035947723073,130,0,279
AC-005,AC-005-landing_gear-18,landing_gear,38,0.15257776626039277,59.41154188648199,2901.928845712355,130,0,279
AC-005,AC-005-landing_gear-18,landing_gear,39,0.14383401209207852,61.248175147639564,2981.3819918362733,130,0,279
AC-005,AC-005-landing_gear-18,landing_gear,40,0.15537408290267,63.4260816367027,2928.3010122348655,130,0,279
AC-005,AC-005-landing_gear-18,landing_gear,41,0.15249714020810476,60.89006243892907,2951.834821173458,130,0,279
AC-005,AC-005-landing_gear-18,landing_gear,42,0.1694136264982752,63.06568409543951,3000.9097187304346,130,0,279
AC-005,AC-005-landing_gear-18,landing_gear,43,0.17328686629600293,55.85961739468405,2985.361556604137,130,0,279
AC-005,AC-005-landing_gear-18,landing_gear,44,0.15925939235092,57.62940303705686,3000.1129999933414,130,0,279
AC-005,AC-005-landing_gear-18,landing_gear,45,0.14478745289770914,62.46189047719529,3037.282997511544,130,0,279
AC-005,AC-005-landing_gear-18,landing_gear,46,0.15883964803602602,54.849360823121344,2935.350153209051,130,0,279
AC-005,AC-005-landing_gear-18,landing_gear,47,0.16203223126117544,60.489271345806685,2848.2728525045923,130,0,279
AC-005,AC-005-landing_gear-18,landing_gear,48,0.16908803328717356,60.853951481994244,2941.286988270688,130,0,279
AC-005,AC-005-landing_gear-18,landing_gear,49,0.16688966465875138,58.43005387348496,2947.0704376315634,130,0,279
AC-005,AC-005-landing_gear-18,landing_gear,50,0.16080979544296495,65.82486663991519,3061.909308411112,130,0,279
AC-005,AC-005-landing_gear-18,landing_gear,51,0.16111532518675176,61.888370989731676,3019.5263860770124,130,0,279
AC-005,AC-005-landing_gear-18,landing_gear,52,0.1452460957240496,62.45350717663882,2942.4538399855087,130,0,279
AC-005,AC-005-landing_gear-18,landing_gear,53,0.16130421644088755,59.85889283537277,3003.4085876279196,130,0,279
AC-005,AC-005-landing_gear-18,landing_gear,54,0.1596097547333112,51.34282385975254,2986.4679986966016,130,0,279
AC-005,AC-005-landing_gear-18,landing_gear,55,0.16516531493171038,61.92070407226321,2971.553941599657,130,0,279
AC-005,AC-005-landing_gear-18,landing_gear,56,0.17548624866863924,61.538428170653994,2997.711313678095,130,0,279
AC-005,AC-005-landing_gear-18,landing_gear,57,0.16983617804560455,61.713862939429724,2930.0557547156927,130,0,279
AC-005,AC-005-landing_gear-18,landing_gear,58,0.13534029333821254,59.21688179234634,3012.1174963580324,130,0,279
AC-005,AC-005-landing_gear-18,landing_gear,59,0.1565308935478869,63.07432557431619,2980.6047904971733,130,0,279
AC-005,AC-005-landing_gear-18,landing_gear,60,0.17328648796588927,59.80807169618918,2995.631868626338,130,0,279
AC-005,AC-005-landing_gear-18,landing_gear,61,0.1658144293249697,65.22184419653465,2885.986591537643,130,0,279
AC-005,AC-005-landing_gear-18,landing_gear,62,0.15652702836557952,63.286289056906256,3047.665194359303,130,0,279
AC-005,AC-005-landing_gear-18,landing_gear,63,0.16387313968417316,59.8867158105857,3007.2627862797162,130,0,279
AC-005,AC-005-landing_gear-18,landing_gear,64,0.17052654577185666,59.7103162319674,2984.9433148901044,130,0,279
AC-005,AC-005-landing_gear-18,landing_gear,65,0.17401766712059327,66.48553661292159,3004.5638626378354,130,0,279
AC-005,AC-005-landing_gear-18,landing_gear,66,0.16303243995520952,60.677177871123185,2994.293691890205,130,0,279
AC-005,AC-005-landing_gear-18,landing_gear,67,0.16181876007098536,61.43395406345249,2912.5048841180433,130,0,279
AC-005,AC-005-landing_gear-18,landing_gear,68,0.17633627898306395,57.470492953097455,2942.75252659561,130,0,279
AC-005,AC-005-landing_gear-18,landing_gear,69,0.16473763916418932,66.89040774337732,2942.167966608927,130,0,279
AC-005,AC-005-landing_gear-18,landing_gear,70,0.15750332896873226,59.2917817218877,3045.1755594250026,130,0,279
AC-005,AC-005-landing_gear-18,landing_gear,71,0.13644757874108732,57.96318920863074,3097.7083056549177,130,0,279
AC-005,AC-005-landing_gear-18,landing_gear,72,0.17089321199402144,57.68100456925602,2957.9457242003145,130,0,279
AC-005,AC-005-landing_gear-18,landing_gear,73,0.16607806051788754,63.56527672819742,3050.8990605219046,130,0,279
AC-005,AC-005-landing_gear-18,landing_gear,74,0.16971393628325115,59.43586305565839,2997.1451035170194,130,0,279
AC-005,AC-005-landing_gear-18,landing_gear,75,0.15927657813022675,57.98392785195661,2868.6469428052305,130,0,279
AC-005,AC-005-landing_gear-18,landing_gear,76,0.15104428779739396,58.423702647787046,2896.588986968562,130,0,279
AC-005,AC-005-landing_gear-18,landing_gear,77,0.17027018467483399,57.54431581593368,2797.1158331625315,130,0,279
AC-005,AC-005-landing_gear-18,landing_gear,78,0.1571467303290273,59.75681092849721,2922.8319307399433,130,0,279
AC-005,AC-005-landing_gear-18,landing_gear,79,0.18323490455699518,59.36201617305944,2995.940419122884,130,0,279
AC-005,AC-005-landing_gear-18,landing_gear,80,0.16830942247122238,61.10636905418427,2908.8996563095156,130,0,279
AC-005,AC-005-landing_gear-18,landing_gear,81,0.16837679367149722,58.969019631794744,2957.928895213249,130,0,279
AC-005,AC-005-landing_gear-18,landing_gear,82,0.16707327659548815,58.46183439520687,2997.765989193763,130,0,279
AC-005,AC-005-landing_gear-18,landing_gear,83,0.17418111147150572,59.98332557565936,2954.1741012283214,130,0,279
AC-005,AC-005-landing_gear-18,landing_gear,84,0.16955719622098453,58.75692195061046,2949.1370209550473,130,0,279
AC-005,AC-005-landing_gear-18,landing_gear,85,0.16467379966778936,58.55745964086391,2863.1711875777055,130,0,279
AC-005,AC-005-landing_gear-18,landing_gear,86,0.167792120475482,63.12612491280906,2908.2585149687416,130,0,279
AC-005,AC-005-landing_gear-18,landing_gear,87,0.19708533874259945,64.11560708235952,3006.874501776971,130,0,279
AC-005,AC-005-landing_gear-18,landing_gear,88,0.1803365207670551,67.05086763457022,2900.9589924361926,130,0,279
AC-005,AC-005-landing_gear-18,landing_gear,89,0.14728833663017527,60.18800387405878,2966.8557008126795,130,0,279
AC-005,AC-005-landing_gear-18,landing_gear,90,0.1749282810598315,62.387291922393466,3003.610536553889,130,0,279
AC-005,AC-005-landing_gear-18,landing_gear,91,0.1777568689577132,63.99249166364561,2889.19174767246,130,0,279
AC-005,AC-005-landing_gear-18,landing_gear,92,0.1635113192068106,66.47335884233819,2939.804393826764,130,0,279
AC-005,AC-005-landing_gear-18,landing_gear,93,0.16876770816553863,59.80248318602531,2900.8771772514206,130,0,279
AC-005,AC-005-landing_gear-18,landing_gear,94,0.16845093470571687,57.85325825326737,2856.8709134458404,130,0,279
AC-005,AC-005-landing_gear-18,landing_gear,95,0.17413678707095262,59.96034444553859,2985.7930820121733,130,0,279
AC-005,AC-005-landing_gear-18,landing_gear,96,0.17956968432663378,62.57188089316492,2891.8068655050383,130,0,279
AC-005,AC-005-landing_gear-18,landing_gear,97,0.17598650159777893,62.89612236126623,2963.285024970757,130,0,279
AC-005,AC-005-landing_gear-18,landing_gear,98,0.17682151646715533,65.08806698679523,2926.371639492493,130,0,279
AC-005,AC-005-landing_gear-18,landing_gear,99,0.1862583359094224,60.419101022515584,2833.8242757402463,130,0,279
AC-005,AC-005-landing_gear-18,landing_gear,100,0.18158866561148362,64.1029772381931,2951.687164640249,130,0,279
AC-005,AC-005-landing_gear-18,landing_gear,101,0.18370793436787192,60.91997695236821,2881.0331734183937,130,0,279
AC-005,AC-005-landing_gear-18,landing_gear,102,0.18559012348128068,63.28419830131768,2891.7608033488946,130,0,279
AC-005,AC-005-landing_gear-18,landing_gear,103,0.19175963673525506,59.395763112579495,2889.049444811556,130,0,279
AC-005,AC-005-landing_gear-18,landing_gear,104,0.19762798203438903,64.68999447393323,2898.7295882761896,130,0,279
AC-005,AC-005-landing_gear-18,landing_gear,105,0.184741653090192,62.588899799821945,2777.7383841011138,130,0,279
AC-005,AC-005-landing_gear-18,landing_gear,106,0.17341300359695308,62.01264302145128,2895.562111260869,130,0,279
AC-005,AC-005-landing_gear-18,landing_gear,107,0.18556444685306775,65.59467501916133,2895.674087554601,130,0,279
AC-005,AC-005-landing_gear-18,landing_gear,108,0.17313833237175782,63.2222136643989,2893.7624857669794,130,0,279
AC-005,AC-005-landing_gear-18,landing_gear,109,0.18278148546813663,61.41415354096448,3020.512902063601,130,0,279
AC-005,AC-005-landing_gear-18,landing_gear,110,0.16256809902489164,61.16667439959346,2906.5485043579242,130,0,279
AC-005,AC-005-landing_gear-18,landing_gear,111,0.17780251888570497,65.0737404169537,2945.6923671132276,130,0,279
AC-005,AC-005-landing_gear-18,landing_gear,112,0.18578098081245534,61.60521386712497,2897.7127529621753,130,0,279
AC-005,AC-005-landing_gear-18,landing_gear,113,0.18586102466481683,62.225473662375705,2892.1763350540405,130,0,279
AC-005,AC-005-landing_gear-18,landing_gear,114,0.19008952956631933,64.76397195584329,2838.3135621656834,130,0,279
AC-005,AC-005-landing_gear-18,landing_gear,115,0.17772032366231066,57.30291008852558,2941.3813029388343,130,0,279
AC-005,AC-005-landing_gear-18,landing_gear,116,0.19139790283593977,64.10878054140066,2824.805968337733,130,0,279
AC-005,AC-005-landing_gear-18,landing_gear,117,0.2074176393973758,60.81132448680222,2902.8952019060307,130,0,279
AC-005,AC-005-landing_gear-18,landing_gear,118,0.19879127405504363,59.72222256249578,2865.357308879007,130,0,279
AC-005,AC-005-landing_gear-18,landing_gear,119,0.19272419548910044,71.30125107593356,2905.9029631610233,130,0,279
AC-005,AC-005-landing_gear-18,landing_gear,120,0.20768692055937688,66.39190670578051,2907.40501101654,130,0,279
AC-005,AC-005-landing_gear-18,landing_gear,121,0.1824279636618872,66.00058892433431,2812.2413592424136,130,0,279
AC-005,AC-005-landing_gear-18,landing_gear,122,0.2090310659552355,63.46817023921907,2752.7626500525193,130,0,279
AC-005,AC-005-landing_gear-18,landing_gear,123,0.19032542812356296,64.87720940102759,2871.5341688176613,130,0,279
AC-005,AC-005-landing_gear-18,landing_gear,124,0.20159450255438016,60.41289045982607,2816.1823628421007,130,0,279
AC-005,AC-005-landing_gear-18,landing_gear,125,0.19444972679967773,63.10564239054666,2862.142966899807,130,0,279
AC-005,AC-005-landing_gear-18,landing_gear,126,0.20816260969743128,60.50869108998345,2893.285751750592,130,0,279
AC-005,AC-005-landing_gear-18,landing_gear,127,0.19730069635864747,58.43791858672583,2809.7258330912114,130,0,279
AC-005,AC-005-landing_gear-18,landing_gear,128,0.1974771862406456,69.10080506793818,2902.675287719849,130,0,279
AC-005,AC-005-landing_gear-18,landing_gear,129,0.18084458827300737,53.875264906272236,2908.3835155850093,130,0,279
AC-005,AC-005-landing_gear-18,landing_gear,130,0.19788744315661233,66.68043644092407,2825.6985626687097,130,0,279
AC-005,AC-005-landing_gear-18,landing_gear,131,0.20310612544106646,65.845453753249,2845.3494835230595,130,0,279
AC-005,AC-005-landing_gear-18,landing_gear,132,0.1961033482519037,63.433402090242794,2892.8292734501115,130,0,279
AC-005,AC-005-landing_gear-18,landing_gear,133,0.20098684841597464,66.33066824401804,2840.556071307065,130,0,279
AC-005,AC-005-landing_gear-18,landing_gear,134,0.18861800192848835,69.39105636988083,2831.363102551226,130,0,279
AC-005,AC-005-landing_gear-18,landing_gear,135,0.1969950796831139,63.314556738136204,2862.880387428589,130,0,279
AC-005,AC-005-landing_gear-18,landing_gear,136,0.1995959916477267,63.51188684732695,2855.4443469016323,130,0,279
AC-005,AC-005-landing_gear-18,landing_gear,137,0.20600012991028205,56.54433339904298,2949.371984310195,130,0,279
AC-005,AC-005-landing_gear-18,landing_gear,138,0.20357394308733912,65.41165627318661,2784.303396329473,130,0,279
AC-005,AC-005-landing_gear-18,landing_gear,139,0.20113749420794916,61.70621885573487,2924.5595300375826,130,0,279
AC-005,AC-005-landing_gear-18,landing_gear,140,0.20079581236498606,66.0511698563766,2816.401781544087,130,0,279
AC-005,AC-005-landing_gear-18,landing_gear,141,0.2029399916648549,63.09442824182423,2910.9491068444136,130,0,279
AC-005,AC-005-landing_gear-18,landing_gear,142,0.18938566811428895,59.93862231448271,2747.210222503269,130,0,279
AC-005,AC-005-landing_gear-18,landing_gear,143,0.19823296816531763,61.50573247061916,2761.6546323276616,130,0,279
AC-005,AC-005-landing_gear-18,landing_gear,144,0.20259608757027367,57.95169422629445,2789.267057047828,130,0,279
AC-005,AC-005-landing_gear-18,landing_gear,145,0.22277712572415692,65.26229232584697,2847.31225900848,130,0,279
AC-005,AC-005-landing_gear-18,landing_gear,146,0.20158627386604455,59.49934908478821,2778.7380377463905,130,0,279
AC-005,AC-005-landing_gear-18,landing_gear,147,0.2120288798788026,66.76859554903085,2878.5557624627318,130,0,279
AC-005,AC-005-landing_gear-18,landing_gear,148,0.21961980150666935,62.00824126658523,2832.391017268637,130,0,279
AC-005,AC-005-landing_gear-18,landing_gear,149,0.21095873333068313,63.674574618252784,2930.7306384985086,130,0,279
AC-005,AC-005-landing_gear-18,landing_gear,150,0.1974164180253853,63.631730911927974,2887.1569909720174,129,0,279
AC-005,AC-005-landing_gear-18,landing_gear,151,0.20124754822459812,62.46252193586348,2797.797506655129,128,0,279
AC-005,AC-005-landing_gear-18,landing_gear,152,0.214549389749052,59.6642809858208,2851.6782044313236,127,0,279
AC-005,AC-005-landing_gear-18,landing_gear,153,0.22432676460452788,66.03605209368027,2776.0442715403888,126,0,279
AC-005,AC-005-landing_gear-18,landing_gear,154,0.21941638551222026,61.87176445491589,2800.566760016498,125,0,279
AC-005,AC-005-landing_gear-18,landing_gear,155,0.2409791237161532,64.9167157624184,2755.438486015456,124,0,279
AC-005,AC-005-landing_gear-18,landing_gear,156,0.22214674570632695,60.634171708455916,2752.4671009084154,123,0,279
AC-005,AC-005-landing_gear-18,landing_gear,157,0.21083688981058954,63.41694638808478,2856.853459992587,122,0,279
AC-005,AC-005-landing_gear-18,landing_gear,158,0.22794261303578173,66.37956138844955,2752.6307555721705,121,0,279
AC-005,AC-005-landing_gear-18,landing_gear,159,0.21766177840193904,65.68766478440261,2773.7175421804577,120,0,279
AC-005,AC-005-landing_gear-18,landing_gear,160,0.22121332946911296,66.25720900239811,2785.2360489476046,119,0,279
AC-005,AC-005-landing_gear-18,landing_gear,161,0.2271854426941189,69.77317515493195,2791.6074685757203,118,0,279
AC-005,AC-005-landing_gear-18,landing_gear,162,0.2376518588464116,66.73534225187005,2724.3486183277428,117,0,279
AC-005,AC-005-landing_gear-18,landing_gear,163,0.2157765254178515,62.61907206482275,2752.4638655920626,116,0,279
AC-005,AC-005-brakes-19,brakes,1,0.2188368447520227,122.46634755994585,1486.6201448169518,130,0,178
AC-005,AC-005-brakes-19,brakes,2,0.16880425535135923,120.56850400391944,1500.7352318050423,130,0,178
AC-005,AC-005-brakes-19,brakes,3,0.2028291478161509,136.8584440329333,1537.1326798727255,130,0,178
AC-005,AC-005-brakes-19,brakes,4,0.2119274097969792,112.31853256175013,1484.4586615008684,130,0,178
AC-005,AC-005-brakes-19,brakes,5,0.19881404343236841,113.82041426154676,1514.7772232132577,130,0,178
AC-005,AC-005-brakes-19,brakes,6,0.20569449879050172,111.32762426078908,1535.5636352206175,130,0,178
AC-005,AC-005-brakes-19,brakes,7,0.20199861157827292,106.21382648317599,1497.995757678511,130,0,178
AC-005,AC-005-brakes-19,brakes,8,0.20482408093176116,127.84293730077768,1489.269723813284,130,0,178
AC-005,AC-005-brakes-19,brakes,9,0.21318602262930691,121.5738307559216,1459.7814131112739,130,0,178
AC-005,AC-005-brakes-19,brakes,10,0.179719348542946,129.07516397571317,1534.9326752062696,130,0,178
AC-005,AC-005-brakes-19,brakes,11,0.20598932713174312,132.08022263700747,1530.552606795576,130,0,178
AC-005,AC-005-brakes-19,brakes,12,0.21161789515126034,112.84585451103707,1550.579398321906,130,0,178
AC-005,AC-005-brakes-19,brakes,13,0.20964469822848453,117.07330747764308,1478.3517230954806,130,0,178
AC-005,AC-005-brakes-19,brakes,14,0.20570758300726788,106.81710994974837,1519.134371976026,130,0,178
AC-005,AC-005-brakes-19,brakes,15,0.1878268506062529,123.17790615326062,1482.220977052592,130,0,178
AC-005,AC-005-brakes-19,brakes,16,0.1984576556807997,114.18711465504651,1492.7391806929058,130,0,178
AC-005,AC-005-brakes-19,brakes,17,0.23107709010984118,131.3541167083472,1507.897971730283,130,0,178
AC-005,AC-005-brakes-19,brakes,18,0.20268838048692087,127.0603889725826,1530.8313173528315,130,0,178
AC-005,AC-005-brakes-19,brakes,19,0.1909708532910002,119.7223019613537,1441.9231240888444,130,0,178
AC-005,AC-005-brakes-19,brakes,20,0.2206339322346482,136.89893411968032,1498.6150781579577,130,0,178
AC-005,AC-005-brakes-19,brakes,21,0.17230045726671483,125.28868504664226,1468.7017158752674,130,0,178
AC-005,AC-005-brakes-19,brakes,22,0.19463251307772214,125.47088658859693,1503.0538690626927,130,0,178
AC-005,AC-005-brakes-19,brakes,23,0.1976872056379427,115.30403866598886,1498.7662443886031,130,0,178
AC-005,AC-005-brakes-19,brakes,24,0.19931187354857255,111.67148861480175,1484.5692477193913,130,0,178
AC-005,AC-005-brakes-19,brakes,25,0.21101170275622583,119.16695360618273,1451.6769286451563,130,0,178
AC-005,AC-005-brakes-19,brakes,26,0.22123667630207483,98.7295792025975,1480.2083383677052,130,0,178
AC-005,AC-005-brakes-19,brakes,27,0.19759956074008037,121.87568477881022,1509.9473166756932,130,0,178
AC-005,AC-005-brakes-19,brakes,28,0.22432477726215566,115.04309152700674,1510.1741649817643,130,0,178
AC-005,AC-005-brakes-19,brakes,29,0.21090028553921675,107.1039859706337,1549.0531979420284,130,0,178
AC-005,AC-005-brakes-19,brakes,30,0.18694002439805021,124.20814330914304,1503.1771470192791,130,0,178
AC-005,AC-005-brakes-19,brakes,31,0.21323378163015141,116.95330793222865,1515.7183496389998,130,0,178
AC-005,AC-005-brakes-19,brakes,32,0.18629023337753456,120.44294423927671,1473.3880142167452,130,0,178
AC-005,AC-005-brakes-19,brakes,33,0.20015172895004493,124.4611021077334,1522.0131582005401,130,0,178
AC-005,AC-005-brakes-19,brakes,34,0.20579675125077046,127.34000748723855,1490.5466322850145,130,0,178
AC-005,AC-005-brakes-19,brakes,35,0.19820793113993007,119.0962746819215,1479.4165089977514,130,0,178
AC-005,AC-005-brakes-19,brakes,36,0.20182127919399892,124.65498121740472,1494.7682077495622,130,0,178
AC-005,AC-005-brakes-19,brakes,37,0.18910263301352345,108.08402988684162,1499.778155108608,130,0,178
AC-005,AC-005-brakes-19,brakes,38,0.20144321966453446,123.78358085044785,1509.7554312468233,130,0,178
AC-005,AC-005-brakes-19,brakes,39,0.19533729814716053,110.14786103421491,1535.831359763615,130,0,178
AC-005,AC-005-brakes-19,brakes,40,0.22042316406737592,118.16103497890774,1456.832184097673,130,0,178
AC-005,AC-005-brakes-19,brakes,41,0.20825993820692865,112.06707640514729,1510.58581428218,130,0,178
AC-005,AC-005-brakes-19,brakes,42,0.20505116925694544,130.41852036183417,1471.2786958458594,130,0,178
AC-005,AC-005-brakes-19,brakes,43,0.2018570064301867,118.34031321433423,1403.767737490511,130,0,178
AC-005,AC-005-brakes-19,brakes,44,0.21651949016064612,120.47214835203435,1506.411263585683,130,0,178
AC-005,AC-005-brakes-19,brakes,45,0.19087914152021904,131.21230243090534,1505.4442634099598,130,0,178
AC-005,AC-005-brakes-19,brakes,46,0.23881600252756682,121.58176389917558,1510.3815559509958,130,0,178
AC-005,AC-005-brakes-19,brakes,47,0.19884725918350413,127.79597249234703,1455.949197429894,130,0,178
AC-005,AC-005-brakes-19,brakes,48,0.19704439985868816,113.18841858918834,1478.3505068138459,130,0,178
AC-005,AC-005-brakes-19,brakes,49,0.21036938386259635,125.28197545215244,1423.0190013640192,129,0,178
AC-005,AC-005-brakes-19,brakes,50,0.1917647904753543,133.34622483610784,1503.4427502524509,128,0,178
AC-005,AC-005-brakes-19,brakes,51,0.20888811973752064,122.43876007985845,1505.957639529812,127,0,178
AC-005,AC-005-brakes-19,brakes,52,0.23189083705012606,123.74606756204453,1507.251794513611,126,0,178
AC-005,AC-005-brakes-19,brakes,53,0.2156363334501915,122.909129647138,1472.8675202730185,125,0,178
AC-005,AC-005-brakes-19,brakes,54,0.22351871951849073,119.64257093198962,1474.5758969012984,124,0,178
AC-005,AC-005-brakes-19,brakes,55,0.22915832933158953,114.47680054890445,1495.411660405207,123,0,178
AC-005,AC-005-brakes-19,brakes,56,0.21504744243646662,121.22345449891866,1461.448365265438,122,0,178
AC-005,AC-005-brakes-19,brakes,57,0.2361347154069063,106.12348459996315,1495.9641332308656,121,0,178
AC-005,AC-005-brakes-19,brakes,58,0.22169718366979685,132.94491024661437,1453.8030133805362,120,0,178
AC-005,AC-005-brakes-19,brakes,59,0.23222719976783407,138.60627367593182,1458.7200001823458,119,0,178
AC-005,AC-005-brakes-19,brakes,60,0.2526693534967147,123.72102120717776,1478.375959682192,118,0,178
AC-005,AC-005-brakes-19,brakes,61,0.23628167274345568,130.3060424006295,1444.2017577121233,117,0,178
AC-005,AC-005-brakes-19,brakes,62,0.22163619173557322,118.53108243506993,1466.5943917088616,116,0,178
AC-005,AC-005-brakes-19,brakes,63,0.2342682004790857,129.44024723800348,1501.561468732305,115,0,178
AC-005,AC-005-brakes-19,brakes,64,0.2241454068881988,118.00670786176093,1418.1298355038905,114,0,178
AC-005,AC-005-brakes-19,brakes,65,0.27046001349539744,126.4377978563757,1474.3896509675365,113,0,178
AC-005,AC-005-brakes-19,brakes,66,0.2211416665487358,124.11511932036515,1474.032647208191,112,0,178
AC-005,AC-005-brakes-19,brakes,67,0.23871273765927942,132.85605530034073,1526.850830751989,111,0,178
AC-005,AC-005-brakes-19,brakes,68,0.22957640830688453,116.20153710351582,1429.884967320849,110,0,178
AC-005,AC-005-brakes-19,brakes,69,0.2691725228124428,132.84679607745701,1450.8546300539952,109,0,178
AC-005,AC-005-brakes-19,brakes,70,0.24694405208001388,118.1072167018263,1480.305157618295,108,0,178
AC-005,AC-005-brakes-19,brakes,71,0.24203218845708147,122.69245926623098,1470.5329773271678,107,0,178
AC-005,AC-005-brakes-19,brakes,72,0.24626478745507413,123.02874320464947,1451.2325446395498,106,0,178
AC-005,AC-005-brakes-19,brakes,73,0.26238797544373493,138.21770902755455,1467.1069427305436,105,0,178
AC-005,AC-005-bogie-20,bogie,1,0.26308597204162026,80.68529649290457,185.77304712349792,130,0,245
AC-005,AC-005-bogie-20,bogie,2,0.24346359711915988,79.66974468408294,194.8927557736969,130,0,245
AC-005,AC-005-bogie-20,bogie,3,0.2796909384631041,81.92235489812948,213.72575167784524,130,0,245
AC-005,AC-005-bogie-20,bogie,4,0.2553684635837304,80.33088245773696,190.6233595998242,130,0,245
AC-005,AC-005-bogie-20,bogie,5,0.2503947755868801,80.06054556525902,186.31220143454314,130,0,245
AC-005,AC-005-bogie-20,bogie,6,0.23943435689363834,78.71886460801703,204.11080543639227,130,0,245
AC-005,AC-005-bogie-20,bogie,7,0.2595331246886937,77.69105260275143,204.65604296419434,130,0,245
AC-005,AC-005-bogie-20,bogie,8,0.2467582548157785,68.54284434872677,195.11033078419138,130,0,245
AC-005,AC-005-bogie-20,bogie,9,0.2720858119532016,73.29976572817483,201.0729344947843,130,0,245
AC-005,AC-005-bogie-20,bogie,10,0.28232996397550086,76.99086763818715,199.9548519038187,130,0,245
AC-005,AC-005-bogie-20,bogie,11,0.22467560988251362,86.54924110143146,199.0860406604795,130,0,245
AC-005,AC-005-bogie-20,bogie,12,0.25183216201206526,85.46518187035235,206.5188239297951,130,0,245
AC-005,AC-005-bogie-20,bogie,13,0.2335432354291989,77.46719817453787,204.83669330345873,130,0,245
AC-005,AC-005-bogie-20,bogie,14,0.23874206869465958,71.59633287396687,199.33697976871127,130,0,245
AC-005,AC-005-bogie-20,bogie,15,0.22180141108404275,86.54009577727031,201.6179388516007,130,0,245
AC-005,AC-005-bogie-20,bogie,16,0.23349583247612388,77.2907681339366,180.93542853608795,130,0,245
AC-005,AC-005-bogie-20,bogie,17,0.22981625997367772,84.16158602132482,222.12527503259986,130,0,245
AC-005,AC-005-bogie-20,bogie,18,0.2665520868653953,79.73978486425807,195.46449620597645,130,0,245
AC-005,AC-005-bogie-20,bogie,19,0.233125394015853,88.35934681268591,197.87194655070235,130,0,245
AC-005,AC-005-bogie-20,bogie,20,0.2948115553684304,85.70735583935654,182.32548008470468,130,0,245
AC-005,AC-005-bogie-20,bogie,21,0.23943605412563046,77.47075827881491,198.9076588079222,130,0,245
AC-005,AC-005-bogie-20,bogie,22,0.25181745504601316,92.14622252070127,188.905188977035,130,0,245
AC-005,AC-005-bogie-20,bogie,23,0.2578842716828838,82.64229086158299,199.63176017188448,130,0,245
AC-005,AC-005-bogie-20,bogie,24,0.25580211218036686,76.0126844560931,200.6810218793879,130,0,245
AC-005,AC-005-bogie-20,bogie,25,0.26413260299720676,81.5186489010162,205.28551591125753,130,0,245
AC-005,AC-005-bogie-20,bogie,26,0.2824753983292594,83.97310565120588,200.26246716787733,130,0,245
AC-005,AC-005-bogie-20,bogie,27,0.23111918531552061,77.84287769332545,197.317890896486,130,0,245
AC-005,AC-005-bogie-20,bogie,28,0.2599448758105024,78.34789344379834,190.12021902856463,130,0,245
AC-005,AC-005-bogie-20,bogie,29,0.23149008702558993,73.67550554020436,197.09005980940134,130,0,245
AC-005,AC-005-bogie-20,bogie,30,0.2262293483847497,76.29777231543207,195.4612311674337,130,0,245
AC-005,AC-005-bogie-20,bogie,31,0.2292854022503221,81.83920867069615,206.76183080265415,130,0,245
AC-005,AC-005-bogie-20,bogie,32,0.24540879404847368,78.59308193990569,204.6919153606994,130,0,245
AC-005,AC-005-bogie-20,bogie,33,0.24252351329895488,77.23191316660541,211.23928715587374,130,0,245
AC-005,AC-005-bogie-20,bogie,34,0.27490574561140696,82.79137285402375,208.4861005246448,130,0,245
AC-005,AC-005-bogie-20,bogie,35,0.21810748671714253,85.82350545247856,203.10429463522516,130,0,245
AC-005,AC-005-bogie-20,bogie,36,0.27831225408577903,81.98046719143422,199.62560809686403,130,0,245
AC-005,AC-005-bogie-20,bogie,37,0.25304650213343366,81.92472078118081,195.9702343636825,130,0,245
AC-005,AC-005-bogie-20,bogie,38,0.27637876315082327,74.13530628309898,193.62197565944166,130,0,245
AC-005,AC-005-bogie-20,bogie,39,0.3003987556817362,78.0024669836946,196.59958509339688,130,0,245
AC-005,AC-005-bogie-20,bogie,40,0.24234421640171985,81.87649389520844,191.57112869124776,130,0,245
AC-005,AC-005-bogie-20,bogie,41,0.25678965552293437,83.95556610249098,191.89216589515047,130,0,245
AC-005,AC-005-bogie-20,bogie,42,0.27679263054856973,83.87667236428224,209.3740507431113,130,0,245
AC-005,AC-005-bogie-20,bogie,43,0.2643622567996519,93.58111294264266,209.3131836959498,130,0,245
AC-005,AC-005-bogie-20,bogie,44,0.2685925129212894,77.14136690010788,197.73927962838894,130,0,245
AC-005,AC-005-bogie-20,bogie,45,0.2911775182968511,87.51285732964377,213.4338532701249,130,0,245
AC-005,AC-005-bogie-20,bogie,46,0.2789233380129764,75.68239874166485,203.46153904456241,130,0,245
AC-005,AC-005-bogie-20,bogie,47,0.23897245223069352,74.78614188203714,200.91953353465203,130,0,245
AC-005,AC-005-bogie-20,bogie,48,0.2748579914443538,84.38118852720103,203.43600213730534,130,0,245
AC-005,AC-005-bogie-20,bogie,49,0.275631719714855,76.8613896600305,197.35023315315334,130,0,245
AC-005,AC-005-bogie-20,bogie,50,0.2354761565821874,72.819509738126,205.7404545869772,130,0,245
AC-006,AC-006-engine-21,engine,1,0.32217516983504985,546.9059245172157,40.59016499184509,130,0,234
AC-006,AC-006-engine-21,engine,2,0.28680973853752334,540.7806501881925,40.122724993601636,130,0,234
AC-006,AC-006-engine-21,engine,3,0.2906564869027262,547.8221552100492,41.97402819345368,130,0,234
AC-006,AC-006-engine-21,engine,4,0.26961435278453133,551.9545339221638,39.00285511949197,130,0,234
AC-006,AC-006-engine-21,engine,5,0.3183706851215726,551.5549346891667,40.37569178142548,130,0,234
AC-006,AC-006-engine-21,engine,6,0.28139806563612046,546.2624614854979,40.9219908097785,130,0,234
AC-006,AC-006-engine-21,engine,7,0.3358186500295545,552.5245849623719,39.0954202464285,130,0,234
AC-006,AC-006-engine-21,engine,8,0.3073047402059803,562.2980732029139,40.09307223726577,130,0,234
AC-006,AC-006-engine-21,engine,9,0.32990249766124474,546.5017555376703,39.94607962883698,130,0,234
AC-006,AC-006-engine-21,engine,10,0.3132131318674155,552.2377555744796,39.21900104886831,130,0,234
AC-006,AC-006-engine-21,engine,11,0.2848040624287227,555.2452699956433,41.1738723847153,130,0,234
AC-006,AC-006-engine-21,engine,12,0.33142630311510113,559.3812566240224,40.11358064605304,130,0,234
AC-006,AC-006-engine-21,engine,13,0.295164904004257,557.1793374099418,40.6883779238269,130,0,234
AC-006,AC-006-engine-21,engine,14,0.2819616772066613,545.3240051774095,40.463294070156074,130,0,234
AC-006,AC-006-engine-21,engine,15,0.2983036191963555,550.4328568009184,41.03966025491401,130,0,234
AC-006,AC-006-engine-21,engine,16,0.3172846219266567,557.2922181669953,38.03106159981409,130,0,234
AC-006,AC-006-engine-21,engine,17,0.3074430405271985,554.1991621678337,38.43119046006299,130,0,234
AC-006,AC-006-engine-21,engine,18,0.2895648090672917,546.611183655811,39.974360892953406,130,0,234
AC-006,AC-006-engine-21,engine,19,0.33552387753298707,561.0194686830513,39.13296936854261,130,0,234
AC-006,AC-006-engine-21,engine,20,0.3138184559894901,553.7984453933728,40.32918468743264,130,0,234
AC-006,AC-006-engine-21,engine,21,0.31160385304981425,552.6261253985157,41.62313882560589,130,0,234
AC-006,AC-006-engine-21,engine,22,0.32602697657269974,545.9146224325287,40.725007369141196,130,0,234
AC-006,AC-006-engine-21,engine,23,0.3221949362607747,552.9032296712035,41.05413603680414,130,0,234
AC-006,AC-006-engine-21,engine,24,0.30849520849663165,552.4487554364135,40.03708538359881,130,0,234
AC-006,AC-006-engine-21,engine,25,0.26477154168966077,551.1674707377539,39.240435231667135,130,0,234
AC-006,AC-006-engine-21,engine,26,0.2818265959917044,558.8676222878952,40.40544208643569,130,0,234
AC-006,AC-006-engine-21,engine,27,0.30539450264146406,549.006604546263,40.1896607088891,130,0,234
AC-006,AC-006-engine-21,engine,28,0.32627185138640286,547.8339048022814,39.88062710292245,130,0,234
AC-006,AC-006-engine-21,engine,29,0.3242729013116717,542.4318633734996,39.81955785831196,130,0,234
AC-006,AC-006-engine-21,engine,30,0.2988106222931912,551.5908770097126,39.36687900444335,130,0,234
AC-006,AC-006-engine-21,engine,31,0.31065025673267976,562.0313419608323,39.535672821564184,130,0,234
AC-006,AC-006-engine-21,engine,32,0.3142497362897059,562.5451397916584,39.30037524637724,130,0,234
AC-006,AC-006-engine-21,engine,33,0.3452432111205912,552.7612468543058,41.622790374451384,130,0,234
AC-006,AC-006-engine-21,engine,34,0.32450435123002436,554.4384200363032,39.76547458511612,130,0,234
AC-006,AC-006-engine-21,engine,35,0.2975865610774979,553.4551046560969,40.718385639018564,130,0,234
AC-006,AC-006-engine-21,engine,36,0.31038865895403106,551.6713238445132,39.55986835339619,130,0,234
AC-006,AC-006-engine-21,engine,37,0.33110035409940597,559.5635583895324,39.13283487596061,130,0,234
AC-006,AC-006-engine-21,engine,38,0.2984954354874736,555.5228812372427,41.31655975122084,130,0,234
AC-006,AC-006-engine-21,engine,39,0.3354198061662512,547.5601833835449,39.513701807785914,130,0,234
AC-006,AC-006-engine-21,engine,40,0.2945371728246844,552.6802619210688,41.370645659706916,130,0,234
AC-006,AC-006-engine-21,engine,41,0.2853629114161871,546.126900431108,38.92584719071133,130,0,234
AC-006,AC-006-engine-21,engine,42,0.3202432534716382,557.5334256482399,40.179723254059425,130,0,234
AC-006,AC-006-engine-21,engine,43,0.33870930306790764,545.827670502057,40.918192627189384,130,0,234
AC-006,AC-006-engine-21,engine,44,0.3096686787404285,558.5190392311048,38.393719726279386,130,0,234
AC-006,AC-006-engine-21,engine,45,0.3167411457745009,556.2664130245428,40.85989304933274,130,0,234
AC-006,AC-006-engine-21,engine,46,0.28568478263002745,555.4673356844526,38.6056113740635,130,0,234
AC-006,AC-006-engine-21,engine,47,0.32826409576910964,559.4331916749024,40.96442935566464,130,0,234
AC-006,AC-006-engine-21,engine,48,0.30823432215643604,560.4217997525728,41.0242809431641,130,0,234
AC-006,AC-006-engine-21,engine,49,0.28686714475805175,559.0909725367915,40.60771864657725,130,0,234
AC-006,AC-006-engine-21,engine,50,0.31537116589486797,550.2239829415073,40.57769898059647,130,0,234
AC-006,AC-006-engine-21,engine,51,0.29738556309381525,555.6397188300753,39.579862792952746,130,0,234
AC-006,AC-006-engine-21,engine,52,0.33653298325630215,553.6569656592274,38.92035458277708,130,0,234
AC-006,AC-006-engine-21,engine,53,0.32506345092963435,562.0857455797125,41.87704748768653,130,0,234
AC-006,AC-006-engine-21,engine,54,0.29381487304584464,558.8991952960336,38.48742947080713,130,0,234
AC-006,AC-006-engine-21,engine,55,0.34523651414750106,552.9034767667046,38.88339108344672,130,0,234
AC-006,AC-006-engine-21,engine,56,0.31398710089893045,557.4939413864652,39.86501949765496,130,0,234
AC-006,AC-006-engine-21,engine,57,0.3363752113041229,558.1298572066272,38.19542127210248,130,0,234
AC-006,AC-006-engine-21,engine,58,0.3422020083447968,558.182682757366,40.67024527288415,130,0,234
AC-006,AC-006-engine-21,engine,59,0.31445304821053277,550.7299058577296,39.45739046309236,130,0,234
AC-006,AC-006-engine-21,engine,60,0.35550485258225334,559.8448158770316,39.27436044408815,130,0,234
AC-006,AC-006-engine-21,engine,61,0.31317327003475404,568.1327855074856,38.426749220441394,130,0,234
AC-006,AC-006-engine-21,engine,62,0.3170831733615706,562.5029944152948,37.582360492084135,130,0,234
AC-006,AC-006-engine-21,engine,63,0.3581101565028931,563.0876815474181,40.31934941500637,130,0,234
AC-006,AC-006-engine-21,engine,64,0.3448244046702883,559.4800132111694,38.33841458884377,130,0,234
AC-006,AC-006-engine-21,engine,65,0.331920713397723,555.7333863424714,39.8688713594591,130,0,234
AC-006,AC-006-engine-21,engine,66,0.35193441317900936,568.3225704406723,39.73534423489868,130,0,234
AC-006,AC-006-engine-21,engine,67,0.3553833546006743,559.7867852626404,38.86586779588033,130,0,234
AC-006,AC-006-engine-21,engine,68,0.34747475274072787,559.6791485299797,39.59360685683847,130,0,234
AC-006,AC-006-engine-21,engine,69,0.31790337514820277,557.5474007066191,39.93981429773098,130,0,234
AC-006,AC-006-engine-21,engine,70,0.35800336100845065,557.3763067802671,39.954711030500576,130,0,234
AC-006,AC-006-engine-21,engine,71,0.3307736231599388,562.741184292865,40.68044065364586,130,0,234
AC-006,AC-006-engine-21,engine,72,0.35875329497631697,566.9971114194009,41.15139390875283,130,0,234
AC-006,AC-006-engine-21,engine,73,0.32971761370497377,558.452491952417,38.499296387087504,130,0,234
AC-006,AC-006-engine-21,engine,74,0.33991326624284735,551.9782513846733,38.992513322219104,130,0,234
AC-006,AC-006-engine-21,engine,75,0.33533639601298937,568.043963202538,39.53059163410537,130,0,234
AC-006,AC-006-engine-21,engine,76,0.33545483799030684,567.4541507824431,39.87937380567811,130,0,234
AC-006,AC-006-engine-21,engine,77,0.33335525119956955,562.4234297494594,36.908393844094945,130,0,234
AC-006,AC-006-engine-21,engine,78,0.3281868005126143,561.56542997566,39.185277287717135,130,0,234
AC-006,AC-006-engine-21,engine,79,0.332382615972304,563.1047668746019,37.86284230402629,130,0,234
AC-006,AC-006-engine-21,engine,80,0.35601925364452414,568.1998710955047,39.46730800310606,130,0,234
AC-006,AC-006-engine-21,engine,81,0.3541673409813004,558.7702267334694,38.421466454450346,130,0,234
AC-006,AC-006-engine-21,engine,82,0.3471135641210202,564.8684310254326,39.092586594569575,130,0,234
AC-006,AC-006-engine-21,engine,83,0.38512654079390296,571.3597268081816,38.00598064954717,130,0,234
AC-006,AC-006-engine-21,engine,84,0.371556223186406,570.9201180184733,38.16303180384001,130,0,234
AC-006,AC-006-landing_gear-22,landing_gear,1,0.15455513665613632,60.65109276482791,2988.6078267813355,130,0,269
AC-006,AC-006-landing_gear-22,landing_gear,2,0.14963790678922673,57.84357273927193,3030.473358152363,130,0,269
AC-006,AC-006-landing_gear-22,landing_gear,3,0.1495934783427951,60.50121217770364,3017.782470387085,130,0,269
AC-006,AC-006-landing_gear-22,landing_gear,4,0.13850389441197558,57.320467638103096,2889.370108869219,130,0,269
AC-006,AC-006-landing_gear-22,landing_gear,5,0.1557251578290273,56.368552278367915,3006.421191510454,130,0,269
AC-006,AC-006-landing_gear-22,landing_gear,6,0.15382182100093295,61.814521100113396,2939.500650970764,130,0,269
AC-006,AC-006-landing_gear-22,landing_gear,7,0.14950074489707457,65.02099866759535,3085.309437789932,130,0,269
AC-006,AC-006-landing_gear-22,landing_gear,8,0.16007223316522493,61.02574623145355,2949.21400795785,130,0,269
AC-006,AC-006-landing_gear-22,landing_gear,9,0.15743807844486973,59.54272712649009,3027.3547812544175,130,0,269
AC-006,AC-006-landing_gear-22,landing_gear,10,0.1439825064279717,59.50193005991307,3007.378192066507,130,0,269
AC-006,AC-006-landing_gear-22,landing_gear,11,0.15283901949649495,61.5062507154845,2970.0369478896046,130,0,269
AC-006,AC-006-landing_gear-22,landing_gear,12,0.1370149104850477,64.9042054534427,3123.2686951014352,130,0,269
AC-006,AC-006-landing_gear-22,landing_gear,13,0.1549996973622967,56.0630563991612,2959.938936823795,130,0,269
AC-006,AC-006-landing_gear-22,landing_gear,14,0.15570062000443569,64.06397645597225,2937.730283435771,130,0,269
AC-006,AC-006-landing_gear-22,landing_gear,15,0.14945628898861993,60.634437339805835,3041.363276705337,130,0,269
AC-006,AC-006-landing_gear-22,landing_gear,16,0.14735999795581795,55.36162318602234,3028.9371875731204,130,0,269
AC-006,AC-006-landing_gear-22,landing_gear,17,0.16214657907377675,59.812133576235475,3017.8656861064833,130,0,269
AC-006,AC-006-landing_gear-22,landing_gear,18,0.14626253646956616,57.529844866744774,3048.6347539904627,130,0,269
AC-006,AC-006-landing_gear-22,landing_gear,19,0.15499745540328386,61.54593892654827,3072.1124322660257,130,0,269
AC-006,AC-006-landing_gear-22,landing_gear,20,0.1406953405627857,58.42683878925316,3004.5799636924776,130,0,269
AC-006,AC-006-landing_gear-22,landing_gear,21,0.1457281173287211,62.44082625290625,2986.973373071245,130,0,269
AC-006,AC-006-landing_gear-22,landing_gear,22,0.14157962625125356,60.297645313978016,3004.503727003738,130,0,269
AC-006,AC-006-landing_gear-22,landing_gear,23,0.16099169839461053,61.28908122715209,3018.670978859599,130,0,269
AC-006,AC-006-landing_gear-22,landing_gear,24,0.1549939368646711,59.55473377109747,2959.4129908455066,130,0,269
AC-006,AC-006-landing_gear-22,landing_gear,25,0.15483176461967416,59.13018444255444,3079.3087814138366,130,0,269
AC-006,AC-006-landing_gear-22,landing_gear,26,0.16552378394882394,62.03864813046094,3013.3181176284047,130,0,269
AC-006,AC-006-landing_gear-22,landing_gear,27,0.1513871692088212,56.36774612053412,2983.1466962508807,130,0,269
AC-006,AC-006-landing_gear-22,landing_gear,28,0.15345177758975662,60.85088790704759,3016.9760790022474,130,0,269
AC-006,AC-006-landing_gear-22,landing_gear,29,0.16182831559108182,58.09787202574173,2958.8728500067364,130,0,269
AC-006,AC-006-landing_gear-22,landing_gear,30,0.16730703558586735,62.49950935347516,2972.9988694575054,130,0,269
AC-006,AC-006-landing_gear-22,landing_gear,31,0.15191603109457402,59.891067678915064,2993.610325356479,130,0,269
AC-006,AC-006-landing_gear-22,landing_gear,32,0.15791086652167302,67.81724727825195,3000.997066460034,130,0,269
AC-006,AC-006-landing_gear-22,landing_gear,33,0.16001212873825976,55.16631303036339,2966.7252744037055,130,0,269
AC-006,AC-006-landing_gear-22,landing_gear,34,0.16588262771542353,61.446578019953684,2770.958996921405,130,0,269
AC-006,AC-006-landing_gear-22,landing_gear,35,0.1605492589851995,66.00842831468881,2890.04721546191,130,0,269
AC-006,AC-006-landing_gear-22,landing_gear,36,0.1692236718118026,51.95278611181205,3036.153827105077,130,0,269
AC-006,AC-006-landing_gear-22,landing_gear,37,0.1541702957080649,53.23387181881198,3010.955472780157,130,0,269
AC-006,AC-006-landing_gear-22,landing_gear,38,0.1659983851920775,61.39099352483518,3017.2680813181623,130,0,269
AC-006,AC-006-landing_gear-22,landing_gear,39,0.1506126511290658,54.7311248845007,3021.9814351103028,130,0,269
AC-006,AC-006-landing_gear-22,landing_gear,40,0.17247259481834873,63.720412937608096,2887.339393522904,130,0,269
AC-006,AC-006-landing_gear-22,landing_gear,41,0.14007797374273567,57.81055796226431,2906.4127799297394,130,0,269
AC-006,AC-006-landing_gear-22,landing_gear,42,0.1559268980208945,61.545914003897174,2913.8606723036573,130,0,269
AC-006,AC-006-landing_gear-22,landing_gear,43,0.16352058324810828,62.18659840908357,2957.2605806768734,130,0,269
AC-006,AC-006-landing_gear-22,landing_gear,44,0.15429459744506197,54.55191762670103,2967.3340460392415,130,0,269
AC-006,AC-006-landing_gear-22,landing_gear,45,0.15637040451528372,60.926013103949934,3002.1530328703943,130,0,269
AC-006,AC-006-landing_gear-22,landing_gear,46,0.1590219284948947,59.64560297904225,2996.7643842941457,130,0,269
AC-006,AC-006-landing_gear-22,landing_gear,47,0.1668890061038298,60.17141819145289,2997.563248086311,130,0,269
AC-006,AC-006-landing_gear-22,landing_gear,48,0.15530236947175435,58.53732859045432,3007.039769750159,130,0,269
AC-006,AC-006-landing_gear-22,landing_gear,49,0.15191343340389157,61.65615355934948,2981.5042543205864,130,0,269
AC-006,AC-006-landing_gear-22,landing_gear,50,0.1547341776471201,59.533806464381456,2953.864551946358,130,0,269
AC-006,AC-006-landing_gear-22,landing_gear,51,0.1416295630776892,61.687856938723705,2990.010475134371,130,0,269
AC-006,AC-006-landing_gear-22,landing_gear,52,0.16690454652885195,58.96615222670408,3072.348263928855,130,0,269
AC-006,AC-006-landing_gear-22,landing_gear,53,0.15493697255118816,57.95695987539488,2927.0242019287084,130,0,269
AC-006,AC-006-landing_gear-22,landing_gear,54,0.14172781484223523,65.20235293548151,3044.3745992063477,130,0,269
AC-006,AC-006-brakes-23,brakes,1,0.2271731611030734,117.18666129579542,1491.9250791835138,130,0,269
AC-006,AC-006-brakes-23,brakes,2,0.22157546972528744,125.2729430277216,1566.0165106438915,130,0,269
AC-006,AC-006-brakes-23,brakes,3,0.20376814682196445,116.82748489508812,1481.608540579027,130,0,269
AC-006,AC-006-brakes-23,brakes,4,0.17236139141712575,117.77786722504888,1534.2714660898362,130,0,269
AC-006,AC-006-brakes-23,brakes,5,0.20908615958200533,120.17282875169967,1470.0483196933458,130,0,269
AC-006,AC-006-brakes-23,brakes,6,0.20355234693890764,128.11743480843464,1512.772326025383,130,0,269
AC-006,AC-006-brakes-23,brakes,7,0.2027041756491424,113.64465358421455,1525.8123063187184,130,0,269
AC-006,AC-006-brakes-23,brakes,8,0.1532867640187779,123.08929930091523,1576.8443231283973,130,0,269
AC-006,AC-006-brakes-23,brakes,9,0.1777102154446346,118.1026259878503,1499.4268540416458,130,0,269
AC-006,AC-006-brakes-23,brakes,10,0.19347584575780852,128.33245273733755,1513.7589424620019,130,0,269
AC-006,AC-006-brakes-23,brakes,11,0.20278615703028494,126.42834563356175,1500.0008698300771,130,0,269
AC-006,AC-006-brakes-23,brakes,12,0.248294974007219,121.27047613674056,1505.2614562798246,130,0,269
AC-006,AC-006-brakes-23,brakes,13,0.17504363292343147,115.72246274827567,1533.7206767869636,130,0,269
AC-006,AC-006-brakes-23,brakes,14,0.18078073966316993,102.82080184744116,1500.1568717170592,130,0,269
AC-006,AC-006-brakes-23,brakes,15,0.22149399054160326,120.43233212251687,1488.9834389917312,130,0,269
AC-006,AC-006-brakes-23,brakes,16,0.1731840261336476,123.72416750159378,1518.776908066729,130,0,269
AC-006,AC-006-brakes-23,brakes,17,0.17447217174290267,129.19607551251966,1521.7727065473441,130,0,269
AC-006,AC-006-brakes-23,brakes,18,0.21832800415665937,124.80252723651165,1518.2672162458905,130,0,269
AC-006,AC-006-brakes-23,brakes,19,0.2093074760473784,127.0974448286948,1443.9406043594302,130,0,269
AC-006,AC-006-brakes-23,brakes,20,0.1791424603703059,114.27777198594468,1494.4470429751948,130,0,269
AC-006,AC-006-brakes-23,brakes,21,0.20765038679140074,122.7802865200086,1531.684841401903,130,0,269
AC-006,AC-006-brakes-23,brakes,22,0.21923403524700588,113.22157971047972,1505.1506775332134,130,0,269
AC-006,AC-006-brakes-23,brakes,23,0.18947569713836876,118.7133407285911,1507.4605707172584,130,0,269
AC-006,AC-006-brakes-23,brakes,24,0.15125734555238984,139.528754987064,1514.604233622459,130,0,269
AC-006,AC-006-brakes-23,brakes,25,0.1936556256729061,135.67807552225256,1486.985890081307,130,0,269
AC-006,AC-006-brakes-23,brakes,26,0.20479040545554322,116.38333498363122,1546.757140455178,130,0,269
AC-006,AC-006-brakes-23,brakes,27,0.20144757569692243,121.49810743506713,1533.091118299253,130,0,269
AC-006,AC-006-brakes-23,brakes,28,0.2120274615361882,119.89025244635464,1530.061359496452,130,0,269
AC-006,AC-006-brakes-23,brakes,29,0.2415639332578259,122.88795207203603,1500.0161178197704,130,0,269
AC-006,AC-006-brakes-23,brakes,30,0.20629069797220057,130.8565651784436,1478.292776231098,130,0,269
AC-006,AC-006-brakes-23,brakes,31,0.19980942698312032,108.0988754448664,1460.4997737420056,130,0,269
AC-006,AC-006-brakes-23,brakes,32,0.19647838075857965,119.97704212742154,1548.8271189740544,130,0,269
AC-006,AC-006-brakes-23,brakes,33,0.21255475505255475,113.15485821634928,1473.6457224604003,130,0,269
AC-006,AC-006-brakes-23,brakes,34,0.22541386716613648,129.4921464808012,1496.0518603890494,130,0,269
AC-006,AC-006-brakes-23,brakes,35,0.19844080563296762,129.50733294724216,1465.1214835822093,130,0,269
AC-006,AC-006-brakes-23,brakes,36,0.2112535160446595,138.7185779345263,1500.787610393747,130,0,269
AC-006,AC-006-brakes-23,brakes,37,0.19404156710199233,123.85052055046394,1480.2240291386233,130,0,269
AC-006,AC-006-brakes-23,brakes,38,0.18507491261110803,126.20695324171777,1527.5483817490824,130,0,269
AC-006,AC-006-brakes-23,brakes,39,0.20164228292218667,117.61270290755735,1464.84715526307,130,0,269
AC-006,AC-006-brakes-23,brakes,40,0.2043843734915009,116.16439368646591,1463.035611900388,130,0,269
AC-006,AC-006-brakes-23,brakes,41,0.2353517562091208,124.42886490930873,1510.202629487754,130,0,269
AC-006,AC-006-brakes-23,brakes,42,0.22056432530109854,126.89962291078966,1480.2933696489863,130,0,269
AC-006,AC-006-brakes-23,brakes,43,0.21175402088504272,118.61432927996178,1505.488177202829,130,0,269
AC-006,AC-006-brakes-23,brakes,44,0.2131517863625749,117.74136022040662,1452.0946152391434,130,0,269
AC-006,AC-006-brakes-23,brakes,45,0.2105889622197899,119.20538473407234,1434.89342620343,130,0,269
AC-006,AC-006-brakes-23,brakes,46,0.21638760795011605,128.60000503962073,1567.0780128394833,130,0,269
AC-006,AC-006-brakes-23,brakes,47,0.20329028567782653,116.6061296503711,1457.5591208591864,130,0,269
AC-006,AC-006-brakes-23,brakes,48,0.21268173539516586,122.57375612425292,1466.1090031585368,130,0,269
AC-006,AC-006-brakes-23,brakes,49,0.20733030889740056,105.16610037763095,1517.8370453075393,130,0,269
AC-006,AC-006-brakes-23,brakes,50,0.19880451032134625,120.75921911033905,1446.8344981446378,130,0,269
AC-006,AC-006-brakes-23,brakes,51,0.2020481290728489,118.84161407833703,1488.8778415264026,130,0,269
AC-006,AC-006-brakes-23,brakes,52,0.218406446405327,132.6336465351387,1510.7708696105915,130,0,269
AC-006,AC-006-brakes-23,brakes,53,0.22607824418677303,132.73341048350304,1505.4454604061018,130,0,269
AC-006,AC-006-brakes-23,brakes,54,0.21153877723175757,129.2818337666447,1520.1008934128072,130,0,269
AC-006,AC-006-brakes-23,brakes,55,0.2222697736213693,109.61710782889905,1462.2149093552816,130,0,269
AC-006,AC-006-brakes-23,brakes,56,0.20887866713663095,127.53711603559601,1486.358128730795,130,0,269
AC-006,AC-006-brakes-23,brakes,57,0.23052299260342923,131.86888934012134,1522.5051509586453,130,0,269
AC-006,AC-006-brakes-23,brakes,58,0.2320298477328308,113.0987226892929,1500.5323257180466,130,0,269
AC-006,AC-006-brakes-23,brakes,59,0.20531887157462414,108.25065006802194,1476.9440588493694,130,0,269
AC-006,AC-006-bogie-24,bogie,1,0.25354885417223977,89.79143774860509,201.7747587867036,130,0,297
AC-006,AC-006-bogie-24,bogie,2,0.25046661099058487,74.88334658524789,211.10381352905992,130,0,297
AC-006,AC-006-bogie-24,bogie,3,0.2399957588230882,77.41385005046631,212.8082244214233,130,0,297
AC-006,AC-006-bogie-24,bogie,4,0.27323247364595965,84.5318332165782,196.3708331639792,130,0,297
AC-006,AC-006-bogie-24,bogie,5,0.24908676436583319,79.7662507650533,207.81384509505057,130,0,297
AC-006,AC-006-bogie-24,bogie,6,0.2812243389774757,81.48074865319849,219.73258598876387,130,0,297
AC-006,AC-006-bogie-24,bogie,7,0.2681522004376602,79.07191240098227,208.26489410640986,130,0,297
AC-006,AC-006-bogie-24,bogie,8,0.28439088665433737,88.00766692430732,211.83989146410687,130,0,297
AC-006,AC-006-bogie-24,bogie,9,0.2508578416902399,79.15159245668725,205.72396408979205,130,0,297
AC-006,AC-006-bogie-24,bogie,10,0.2839046165931739,81.75774991220463,204.49997187199446,130,0,297
AC-006,AC-006-bogie-24,bogie,11,0.2515423603785229,78.71587059172481,198.3237852490615,130,0,297
AC-006,AC-006-bogie-24,bogie,12,0.25332070213527486,86.90504971457871,197.53756275545314,130,0,297
AC-006,AC-006-bogie-24,bogie,13,0.2517707056205301,76.57680744383009,207.0896744938193,130,0,297
AC-006,AC-006-bogie-24,bogie,14,0.27816683188236146,86.5424312935868,201.94476542743755,130,0,297
AC-006,AC-006-bogie-24,bogie,15,0.26244362071302885,79.4368139138502,205.17815639188453,130,0,297
AC-006,AC-006-bogie-24,bogie,16,0.25736762737063185,80.29110151277382,201.26144899523555,130,0,297
AC-006,AC-006-bogie-24,bogie,17,0.26026706179547904,78.88891645409007,197.443979692275,130,0,297
AC-006,AC-006-bogie-24,bogie,18,0.28552465074175065,90.91564896702923,187.80940673137215,130,0,297
AC-006,AC-006-bogie-24,bogie,19,0.22634528325526698,76.25323974704943,198.80341373305038,130,0,297
AC-006,AC-006-bogie-24,bogie,20,0.2696161169717569,82.45570546158038,201.5389239810301,130,0,297
AC-006,AC-006-bogie-24,bogie,21,0.26245351963214847,77.33164517044601,197.35879268855484,130,0,297
AC-006,AC-006-bogie-24,bogie,22,0.25165572220120835,73.77287401351123,188.16741921477677,130,0,297
AC-006,AC-006-bogie-24,bogie,23,0.2298175989526599,83.1763753042398,202.21366466671475,130,0,297
AC-006,AC-006-bogie-24,bogie,24,0.26466995372293584,72.77197895926784,184.90313530252857,130,0,297
AC-006,AC-006-bogie-24,bogie,25,0.26592135060358585,69.02703032925345,211.96287578416275,130,0,297
AC-006,AC-006-bogie-24,bogie,26,0.21640751353875415,83.52665190952445,190.80760906878132,130,0,297
AC-006,AC-006-bogie-24,bogie,27,0.27407724785715065,92.99793291186432,176.93764518639205,130,0,297
AC-006,AC-006-bogie-24,bogie,28,0.2672405361891961,72.94510878466414,203.91216994409686,130,0,297
AC-006,AC-006-bogie-24,bogie,29,0.24943987217296443,80.70981278019416,190.50177025602406,130,0,297
AC-006,AC-006-bogie-24,bogie,30,0.26943696237970655,74.4106294582399,212.00825100874457,130,0,297
AC-006,AC-006-bogie-24,bogie,31,0.24590046133710217,74.60712888875062,215.513585036681,130,0,297
AC-006,AC-006-bogie-24,bogie,32,0.25300644422640717,87.86271973683958,211.74920958299046,130,0,297
AC-006,AC-006-bogie-24,bogie,33,0.23866671553390095,79.90695437649991,200.71655223614192,130,0,297
AC-006,AC-006-bogie-24,bogie,34,0.2854405285101529,82.01217562735775,201.238716663186,130,0,297
AC-006,AC-006-bogie-24,bogie,35,0.2512102101830075,80.07552129258005,212.49042198478605,130,0,297
AC-006,AC-006-bogie-24,bogie,36,0.25558374888922775,78.71385848138215,193.76723321071344,130,0,297
AC-006,AC-006-bogie-24,bogie,37,0.24474468127861462,74.70201518144697,191.87544858549916,130,0,297
AC-006,AC-006-bogie-24,bogie,38,0.28610723488415907,79.50100719085815,206.38930821930472,130,0,297
AC-006,AC-006-bogie-24,bogie,39,0.20689104656270568,82.6181080049687,197.69674741809848,130,0,297
AC-006,AC-006-bogie-24,bogie,40,0.24717322654623702,81.08661460323371,194.31619791478133,130,0,297
AC-006,AC-006-bogie-24,bogie,41,0.21466888122335995,84.07013201114785,201.66789512056172,130,0,297
AC-006,AC-006-bogie-24,bogie,42,0.251220385677005,76.53521769954823,184.5015064632527,130,0,297
AC-006,AC-006-bogie-24,bogie,43,0.2623384465979132,86.87299543858421,201.1932015720448,130,0,297
AC-006,AC-006-bogie-24,bogie,44,0.2305752205530406,81.33942438414812,198.5886554255437,130,0,297
AC-006,AC-006-bogie-24,bogie,45,0.2758896879484819,82.8860695324201,169.2235010133544,130,0,297
AC-006,AC-006-bogie-24,bogie,46,0.26990052480142157,76.46585200000246,184.8231733094754,130,0,297
AC-006,AC-006-bogie-24,bogie,47,0.25562158032499144,82.14474035785139,182.59094205366907,130,0,297
AC-006,AC-006-bogie-24,bogie,48,0.27388644722697897,83.57575106403722,199.42497061517332,130,0,297
AC-006,AC-006-bogie-24,bogie,49,0.24285481916840734,76.62687687780007,209.1705435266878,130,0,297
AC-006,AC-006-bogie-24,bogie,50,0.23040371346390565,84.8247174269473,197.21433724135443,130,0,297
AC-006,AC-006-bogie-24,bogie,51,0.2591408551555971,73.7573849195976,197.35336221621236,130,0,297
AC-006,AC-006-bogie-24,bogie,52,0.2737671359570673,75.2674490158902,203.76017993792223,130,0,297
AC-006,AC-006-bogie-24,bogie,53,0.2637220537325608,78.06187400648305,207.2729379412885,130,0,297
AC-006,AC-006-bogie-24,bogie,54,0.21835155883530494,82.04788001976821,214.87203753114616,130,0,297
AC-006,AC-006-bogie-24,bogie,55,0.29165894508653994,82.24509793839552,195.6114501262087,130,0,297
AC-006,AC-006-bogie-24,bogie,56,0.2506159217969799,79.49933538053382,204.01599536686626,130,0,297
AC-006,AC-006-bogie-24,bogie,57,0.24766748997590501,83.76635479673983,219.85828613095663,130,0,297
AC-006,AC-006-bogie-24,bogie,58,0.2630635970734614,75.38515474825394,185.02708461406155,130,0,297
AC-006,AC-006-bogie-24,bogie,59,0.2803299710349117,80.55027715086116,207.18978522723464,130,0,297
AC-006,AC-006-bogie-24,bogie,60,0.2546318757759192,84.138737430645,196.78452178453142,130,0,297
AC-006,AC-006-bogie-24,bogie,61,0.2511688829448083,79.23968416752578,186.342100280297,130,0,297
AC-006,AC-006-bogie-24,bogie,62,0.3061290610488556,80.48603913921797,204.70200809991812,130,0,297
AC-006,AC-006-bogie-24,bogie,63,0.2561358955794986,76.69219688471615,195.86137854554974,130,0,297
AC-006,AC-006-bogie-24,bogie,64,0.2894370397979448,78.84577625469278,189.43727343213402,130,0,297
AC-006,AC-006-bogie-24,bogie,65,0.271070887444945,82.9540425392743,214.5125774157252,130,0,297
AC-006,AC-006-bogie-24,bogie,66,0.2755935280859684,83.5636250351126,205.2174437272279,130,0,297
AC-006,AC-006-bogie-24,bogie,67,0.24602362937457736,77.16448169216075,187.12541715586565,130,0,297
AC-006,AC-006-bogie-24,bogie,68,0.24301494292786355,84.23025859503875,200.80366272552328,130,0,297
AC-006,AC-006-bogie-24,bogie,69,0.27183020286574694,70.70861562393321,218.3958052151016,130,0,297
AC-006,AC-006-bogie-24,bogie,70,0.2529457676168234,89.3182487677502,183.2855897054981,130,0,297
AC-006,AC-006-bogie-24,bogie,71,0.2551826131584955,72.33156974087488,201.33531521760017,130,0,297
AC-006,AC-006-bogie-24,bogie,72,0.2500134310768883,76.88338964990594,183.9240772956573,130,0,297
AC-006,AC-006-bogie-24,bogie,73,0.288202102445112,84.05412133642244,215.70380545048337,130,0,297
AC-006,AC-006-bogie-24,bogie,74,0.2595658049998921,82.11687414665928,184.62345470103634,130,0,297
AC-006,AC-006-bogie-24,bogie,75,0.2672125957313971,79.19999881013415,202.0937394484365,130,0,297
AC-006,AC-006-bogie-24,bogie,76,0.29489575361297427,85.27388369583855,188.95264341279878,130,0,297
AC-006,AC-006-bogie-24,bogie,77,0.2951751194093324,81.16796672180202,194.06541650056346,130,0,297
AC-006,AC-006-bogie-24,bogie,78,0.26169447794651113,79.13970789897456,214.66423630912078,130,0,297
AC-006,AC-006-bogie-24,bogie,79,0.2826803719125421,82.1134957410801,194.54743471247997,130,0,297
AC-006,AC-006-bogie-24,bogie,80,0.3261276802449494,86.67114104958243,189.8871806636186,130,0,297
AC-006,AC-006-bogie-24,bogie,81,0.2724202608893786,80.63062513230149,198.48351317125574,130,0,297
AC-006,AC-006-bogie-24,bogie,82,0.2645609986318797,83.27982707928724,211.47175934871223,130,0,297
AC-006,AC-006-bogie-24,bogie,83,0.2530144153392175,77.04938518599444,192.0444701783015,130,0,297
AC-006,AC-006-bogie-24,bogie,84,0.27126102788569156,89.59370025033563,206.8174186974446,130,0,297
AC-006,AC-006-bogie-24,bogie,85,0.29960185023251595,80.58069206275444,193.86055625851577,130,0,297
AC-006,AC-006-bogie-24,bogie,86,0.25240826155090024,84.80388730292238,201.55669326662564,130,0,297
AC-006,AC-006-bogie-24,bogie,87,0.30789778628958653,80.87283255969645,195.1499057117538,130,0,297
AC-006,AC-006-bogie-24,bogie,88,0.2863227212708012,85.32342020600643,181.7861839710691,130,0,297
AC-006,AC-006-bogie-24,bogie,89,0.2983954076116787,81.71397961461061,185.82170359385918,130,0,297
AC-006,AC-006-bogie-24,bogie,90,0.24274314665490765,81.29065244357933,210.80403525055522,130,0,297
AC-006,AC-006-bogie-24,bogie,91,0.3186984343476497,83.2990910300309,215.86488426372148,130,0,297
AC-006,AC-006-bogie-24,bogie,92,0.28512390119227476,85.73229275864631,191.64953400678533,130,0,297
AC-006,AC-006-bogie-24,bogie,93,0.27647723043806965,79.25098791774427,175.47266175822324,130,0,297
AC-006,AC-006-bogie-24,bogie,94,0.3133060393287889,79.4368939303733,187.9787648285973,130,0,297
AC-006,AC-006-bogie-24,bogie,95,0.26476824993745024,81.22883871090573,213.5423701914957,130,0,297
AC-006,AC-006-bogie-24,bogie,96,0.33105525255976626,75.44611519243497,192.2763546489506,130,0,297
AC-006,AC-006-bogie-24,bogie,97,0.26931301464880114,86.08669336754875,198.59925066753394,130,0,297
AC-006,AC-006-bogie-24,bogie,98,0.27809778054419665,82.46784790059306,190.87070262946497,130,0,297
AC-006,AC-006-bogie-24,bogie,99,0.3239515885541646,84.41006028228638,202.25378976471993,130,0,297
AC-006,AC-006-bogie-24,bogie,100,0.23917431921463708,82.00018761936715,216.29742492122554,130,0,297
AC-006,AC-006-bogie-24,bogie,101,0.3198897548184122,74.9245575719283,192.239909841945,130,0,297
AC-006,AC-006-bogie-24,bogie,102,0.2701997912754425,89.20334920645504,197.72489689275196,130,0,297
AC-006,AC-006-bogie-24,bogie,103,0.27974577910908177,82.54205525702771,169.11549774358605,130,0,297
AC-006,AC-006-bogie-24,bogie,104,0.27428247647822757,82.59813237249773,203.55203874614824,130,0,297
AC-006,AC-006-bogie-24,bogie,105,0.25804393491281596,80.97512369317764,205.09736753721353,130,0,297
AC-006,AC-006-bogie-24,bogie,106,0.268738168148456,83.46431718638584,195.56457333656172,130,0,297
AC-006,AC-006-bogie-24,bogie,107,0.3329603608879673,81.67533546653134,193.09223353829353,130,0,297
AC-006,AC-006-bogie-24,bogie,108,0.3166859719227979,77.33923342697618,192.5019117361443,130,0,297
AC-006,AC-006-bogie-24,bogie,109,0.2913948015551178,82.13818217701576,203.09640563395607,130,0,297
AC-006,AC-006-bogie-24,bogie,110,0.3125235589197504,79.74875499085101,195.8800235833407,130,0,297
AC-006,AC-006-bogie-24,bogie,111,0.3321886914800515,79.46812969537297,195.86448282284576,130,0,297
AC-006,AC-006-bogie-24,bogie,112,0.2994646781729575,82.59213416127851,178.00511532825476,130,0,297
AC-006,AC-006-bogie-24,bogie,113,0.3324996838454183,79.79776182360322,204.4703808472234,130,0,297
AC-006,AC-006-bogie-24,bogie,114,0.2928219321794232,80.4446194905702,206.23795630834817,130,0,297
AC-006,AC-006-bogie-24,bogie,115,0.32610069652488616,83.83322383347341,201.61438502282823,130,0,297
AC-006,AC-006-bogie-24,bogie,116,0.30143399149890904,83.01746533467308,187.28188438426454,130,0,297
AC-006,AC-006-bogie-24,bogie,117,0.3262768912725066,80.33011159727732,208.64403360548505,130,0,297
AC-006,AC-006-bogie-24,bogie,118,0.3028779566363243,83.23908172287712,201.2731852729198,130,0,297
AC-006,AC-006-bogie-24,bogie,119,0.31067947867648693,82.01915022300251,193.2781985616278,130,0,297
AC-006,AC-006-bogie-24,bogie,120,0.32909461010757657,80.61356407339584,192.20768400338204,130,0,297
AC-006,AC-006-bogie-24,bogie,121,0.31244853290065894,86.77795669431913,192.36231443686862,130,0,297
AC-006,AC-006-bogie-24,bogie,122,0.3494418380950236,82.7485580200809,190.8737389540646,130,0,297
AC-006,AC-006-bogie-24,bogie,123,0.31089677415778927,78.16369650350897,182.77220709613113,130,0,297
AC-006,AC-006-bogie-24,bogie,124,0.3047541417141118,88.02958496920817,192.69620825876459,130,0,297
AC-006,AC-006-bogie-24,bogie,125,0.30673316116908433,88.44886138036763,208.4263265330401,130,0,297
AC-006,AC-006-bogie-24,bogie,126,0.34260076216581364,80.18727270160115,187.84824841697989,130,0,297
AC-006,AC-006-bogie-24,bogie,127,0.35484340487396776,84.62155521960933,190.00973644782073,130,0,297
AC-006,AC-006-bogie-24,bogie,128,0.3340197157480601,87.7440099505761,186.85587692843006,130,0,297
AC-006,AC-006-bogie-24,bogie,129,0.32513413128136714,87.47932465601322,180.8509597821115,130,0,297
AC-006,AC-006-bogie-24,bogie,130,0.32209331937877145,79.3742499334104,182.50057793950538,130,0,297
AC-006,AC-006-bogie-24,bogie,131,0.3116939893356777,85.79946433206635,188.99780135252172,130,0,297
AC-006,AC-006-bogie-24,bogie,132,0.31110571157470596,84.15683553725046,180.62913814943445,130,0,297
AC-006,AC-006-bogie-24,bogie,133,0.33377672415329757,88.53624890365295,191.18655587848048,130,0,297
AC-006,AC-006-bogie-24,bogie,134,0.3222827681869156,85.565001309018,171.5728260193731,130,0,297
AC-006,AC-006-bogie-24,bogie,135,0.33821568797493257,96.53977461993813,190.50877497893543,130,0,297
AC-006,AC-006-bogie-24,bogie,136,0.3262489314924591,87.1681043826273,208.06597391752248,130,0,297
AC-006,AC-006-bogie-24,bogie,137,0.34929138491303396,75.6331473136312,197.12283872069665,130,0,297
AC-006,AC-006-bogie-24,bogie,138,0.38239972932050537,86.80769092920703,179.81812738294417,130,0,297
AC-006,AC-006-bogie-24,bogie,139,0.33777531982911985,79.2579831194756,203.56657264300887,130,0,297
AC-006,AC-006-bogie-24,bogie,140,0.3142071790390198,84.74096551474561,182.5342180281265,130,0,297
AC-006,AC-006-bogie-24,bogie,141,0.32359047564120424,90.45230587902407,192.0191650577728,130,0,297
AC-006,AC-006-bogie-24,bogie,142,0.3245384958439905,79.9909572001067,172.13924696869844,130,0,297
AC-006,AC-006-bogie-24,bogie,143,0.3119085437081471,85.08432530596956,200.52936100684255,130,0,297
AC-006,AC-006-bogie-24,bogie,144,0.3269472401240078,90.98373546807348,183.42187364732288,130,0,297
AC-006,AC-006-bogie-24,bogie,145,0.33462265164246024,80.44878037732074,200.37344282833908,130,0,297
AC-006,AC-006-bogie-24,bogie,146,0.38257021704231026,77.78579907686422,186.872245472435,130,0,297
AC-006,AC-006-bogie-24,bogie,147,0.3671612228975357,79.1117179653128,195.86783896768046,130,0,297
AC-006,AC-006-bogie-24,bogie,148,0.3675491936895577,85.27930190731568,195.56985740962466,130,0,297
AC-006,AC-006-bogie-24,bogie,149,0.3796004236705847,92.82743293363299,189.31287443519835,130,0,297
AC-006,AC-006-bogie-24,bogie,150,0.3350059477584292,81.42159980874062,199.56660099821633,130,0,297
AC-006,AC-006-bogie-24,bogie,151,0.31949762491873085,84.15947110534454,190.68736319492598,130,0,297
AC-006,AC-006-bogie-24,bogie,152,0.3381612196840666,86.3577487901267,215.16819772282713,130,0,297
AC-006,AC-006-bogie-24,bogie,153,0.3470859345291573,83.56599916154848,199.53807490130245,130,0,297
AC-006,AC-006-bogie-24,bogie,154,0.35561471815040013,91.13457216577828,190.89241803633163,130,0,297
AC-006,AC-006-bogie-24,bogie,155,0.34716822257322566,78.31239040669625,172.90807314373367,130,0,297
AC-006,AC-006-bogie-24,bogie,156,0.31674485692301596,87.03516097082006,175.3418965899592,130,0,297
AC-006,AC-006-bogie-24,bogie,157,0.37990102458261243,85.70975838018246,186.38058656746603,130,0,297
AC-006,AC-006-bogie-24,bogie,158,0.3392515248265598,88.14922839738198,180.63463499597358,130,0,297
AC-006,AC-006-bogie-24,bogie,159,0.33776871784942575,90.48546783873196,192.08207529512907,130,0,297
AC-006,AC-006-bogie-24,bogie,160,0.3541338434997898,88.37012831572181,188.4805259775331,130,0,297
AC-006,AC-006-bogie-24,bogie,161,0.36785735174147594,82.60978645622843,208.94962995764573,130,0,297
AC-006,AC-006-bogie-24,bogie,162,0.34997784858035974,92.1744785309404,186.21048506067424,130,0,297
AC-006,AC-006-bogie-24,bogie,163,0.37909385198218065,88.96099584512223,199.4203138534651,130,0,297
AC-006,AC-006-bogie-24,bogie,164,0.3475295997947506,90.40078554847724,206.26791062239081,130,0,297
AC-006,AC-006-bogie-24,bogie,165,0.36056688115590363,86.31166377474132,182.41985456285278,130,0,297
AC-006,AC-006-bogie-24,bogie,166,0.36021918503350103,93.09357973318079,177.4618776637963,130,0,297
AC-006,AC-006-bogie-24,bogie,167,0.3497212055104049,92.76699478285326,193.59870218449214,130,0,297
AC-006,AC-006-bogie-24,bogie,168,0.4123951613322432,84.59759245410419,188.46411736156048,129,0,297
AC-006,AC-006-bogie-24,bogie,169,0.35820689441368403,87.04896111667719,169.30752014298415,128,0,297
AC-006,AC-006-bogie-24,bogie,170,0.3865607038937028,87.8465156812015,186.31921468087654,127,0,297
AC-006,AC-006-bogie-24,bogie,171,0.36650400827384694,83.05091977137242,194.01725767863798,126,0,297
AC-006,AC-006-bogie-24,bogie,172,0.35234767959076474,88.7552892111214,207.32910282224574,125,0,297
AC-006,AC-006-bogie-24,bogie,173,0.40694659615046647,80.76541710278835,181.06076164962505,124,0,297
AC-006,AC-006-bogie-24,bogie,174,0.38714037079519,86.58347796442705,172.2767315122069,123,0,297
AC-006,AC-006-bogie-24,bogie,175,0.38790136715381085,86.90366831949966,205.25578228610811,122,0,297
AC-006,AC-006-bogie-24,bogie,176,0.3766226687460049,91.69533315721858,173.28247673687582,121,0,297
AC-006,AC-006-bogie-24,bogie,177,0.3626277540481916,89.99000463956446,196.63059420542075,120,0,297
AC-006,AC-006-bogie-24,bogie,178,0.36554928522615693,87.28015707914336,171.81651335829378,119,0,297
AC-006,AC-006-bogie-24,bogie,179,0.3825904454968133,90.61248271705239,181.1208318595268,118,0,297
AC-006,AC-006-bogie-24,bogie,180,0.38276035271307984,82.82700757118678,178.82403753500878,117,0,297
AC-006,AC-006-bogie-24,bogie,181,0.42443797249903087,87.71973978952154,175.120841888188,116,0,297
AC-007,AC-007-engine-25,engine,1,0.27972262883718124,556.80347784745,39.85741406130254,130,0,278
AC-007,AC-007-engine-25,engine,2,0.3378378942419662,549.5303774163909,39.96360724656509,130,0,278
AC-007,AC-007-engine-25,engine,3,0.31287028729071203,536.6530744588631,40.204007694855896,130,0,278
AC-007,AC-007-engine-25,engine,4,0.2991134331185491,557.4586609030604,40.96302316518996,130,0,278
AC-007,AC-007-engine-25,engine,5,0.27747173328870167,556.2551718985828,39.735097616647664,130,0,278
AC-007,AC-007-engine-25,engine,6,0.2821205519535574,551.0495657341966,39.793504129145454,130,0,278
AC-007,AC-007-engine-25,engine,7,0.3310546175998603,551.7902886011279,40.20058671965419,130,0,278
AC-007,AC-007-engine-25,engine,8,0.3183855931761813,555.5782238324024,40.77698017840268,130,0,278
AC-007,AC-007-engine-25,engine,9,0.3288609065351252,553.1875233942103,40.159266805547574,130,0,278
AC-007,AC-007-engine-25,engine,10,0.3253657092403114,549.7234345213686,40.022895085259314,130,0,278
AC-007,AC-007-engine-25,engine,11,0.33513608262418476,558.3248980581293,39.97929896146341,130,0,278
AC-007,AC-007-engine-25,engine,12,0.2917674343718008,557.5720654204048,40.78551229715231,130,0,278
AC-007,AC-007-engine-25,engine,13,0.3072956580014981,548.6913131738575,40.31420266018036,130,0,278
AC-007,AC-007-engine-25,engine,14,0.3007070760794055,547.0270229368226,40.10875352365995,130,0,278
AC-007,AC-007-engine-25,engine,15,0.3066185839095314,548.5233339144025,40.88053496866748,130,0,278
AC-007,AC-007-engine-25,engine,16,0.3272672539225098,555.3049514360323,39.69725195120751,130,0,278
AC-007,AC-007-engine-25,engine,17,0.31679918459957923,550.9039819782427,38.7343383855974,130,0,278
AC-007,AC-007-engine-25,engine,18,0.3153411358852595,551.3071035233501,42.56000936535278,130,0,278
AC-007,AC-007-engine-25,engine,19,0.33124740474033953,554.1980247352963,40.21180183507007,130,0,278
AC-007,AC-007-engine-25,engine,20,0.30560351709536354,545.6932138689522,38.2196070484587,130,0,278
AC-007,AC-007-engine-25,engine,21,0.28511661969197766,550.5460210371951,37.84881091070463,130,0,278
AC-007,AC-007-engine-25,engine,22,0.2919317412675309,549.6230445077902,39.73447252006146,130,0,278
AC-007,AC-007-engine-25,engine,23,0.28984572574857087,549.2336024513061,41.66913475768237,130,0,278
AC-007,AC-007-engine-25,engine,24,0.31659676930146463,548.2232877929587,39.87202796858644,130,0,278
AC-007,AC-007-engine-25,engine,25,0.3030729082778972,547.2721929674206,39.16617333797272,130,0,278
AC-007,AC-007-engine-25,engine,26,0.3241466120767377,549.1037850116447,38.83532793883218,130,0,278
AC-007,AC-007-engine-25,engine,27,0.3033819268280465,551.8870507324175,37.95183384319398,130,0,278
AC-007,AC-007-engine-25,engine,28,0.30375005395229443,555.7347550104919,40.37007416581271,130,0,278
AC-007,AC-007-engine-25,engine,29,0.34949277617171165,557.7518144267257,41.36187848932308,130,0,278
AC-007,AC-007-engine-25,engine,30,0.3612421307052437,555.3920183048876,40.06990732816457,130,0,278
AC-007,AC-007-engine-25,engine,31,0.32507040133469983,548.9135831143252,40.00820906676478,130,0,278
AC-007,AC-007-engine-25,engine,32,0.2930078714435939,553.8117746588356,39.24209225766622,130,0,278
AC-007,AC-007-engine-25,engine,33,0.29260232850698387,554.0048632307053,39.749561474699995,130,0,278
AC-007,AC-007-engine-25,engine,34,0.26818059534891225,544.7789153572096,38.733070965191914,130,0,278
AC-007,AC-007-engine-25,engine,35,0.2894733448599678,554.2515781141909,40.092133816276124,130,0,278
AC-007,AC-007-engine-25,engine,36,0.3288517806952023,556.0697903889701,40.93774840931655,130,0,278
AC-007,AC-007-engine-25,engine,37,0.3201391727293429,553.4840559316176,40.957640650729246,130,0,278
AC-007,AC-007-engine-25,engine,38,0.3267962057338755,554.4495726402646,41.12159720598772,130,0,278
AC-007,AC-007-engine-25,engine,39,0.2619405314078897,551.2537746525626,39.53676426754013,130,0,278
AC-007,AC-007-engine-25,engine,40,0.33236994552644417,560.7036185332244,38.38419773242418,130,0,278
AC-007,AC-007-engine-25,engine,41,0.33801126853862445,547.1335289479806,38.68477719789448,130,0,278
AC-007,AC-007-engine-25,engine,42,0.3055854934478888,551.547392151526,38.25898347593759,130,0,278
AC-007,AC-007-engine-25,engine,43,0.3237636947630556,556.6866645743343,40.86264363539559,130,0,278
AC-007,AC-007-engine-25,engine,44,0.3026036018563862,553.2465251187872,39.76916912928503,130,0,278
AC-007,AC-007-engine-25,engine,45,0.345550835800023,539.431559327867,38.83343917153261,130,0,278
AC-007,AC-007-engine-25,engine,46,0.31243160770517087,548.3368349182748,39.52264336096293,130,0,278
AC-007,AC-007-engine-25,engine,47,0.31034078936058895,550.6417167051449,39.83580581342734,130,0,278
AC-007,AC-007-engine-25,engine,48,0.3259784402417667,552.9178344846426,39.30830829382486,130,0,278
AC-007,AC-007-engine-25,engine,49,0.31066495631212726,554.2345627416958,38.01114257430638,130,0,278
AC-007,AC-007-engine-25,engine,50,0.3237877783229956,552.1928743972513,41.00274929767736,130,0,278
AC-007,AC-007-engine-25,engine,51,0.3269658601551558,560.4779069395807,38.71975548375521,130,0,278
AC-007,AC-007-engine-25,engine,52,0.30831679385706506,548.5985351596282,39.01490609452287,130,0,278
AC-007,AC-007-engine-25,engine,53,0.3413980165694638,562.4350914693962,38.56109500600813,130,0,278
AC-007,AC-007-engine-25,engine,54,0.30781338147139564,554.8070295069679,40.28375791136104,130,0,278
AC-007,AC-007-engine-25,engine,55,0.28241740168543183,547.366935051185,40.17649535354064,130,0,278
AC-007,AC-007-engine-25,engine,56,0.2792791530561946,553.3454343243079,39.83747092972234,130,0,278
AC-007,AC-007-engine-25,engine,57,0.32723120667157785,555.0718750778939,39.297925284989525,130,0,278
AC-007,AC-007-engine-25,engine,58,0.33647891266557844,557.4110976924882,39.00476123633745,130,0,278
AC-007,AC-007-engine-25,engine,59,0.3210232069631981,558.1090739834223,41.35790392537044,130,0,278
AC-007,AC-007-engine-25,engine,60,0.3366881213136604,562.4777322638286,39.01674108462786,130,0,278
AC-007,AC-007-engine-25,engine,61,0.3111825341009752,555.4433254383468,39.47125060267606,130,0,278
AC-007,AC-007-engine-25,engine,62,0.3022218827082349,563.1687292579846,40.48544262683803,130,0,278
AC-007,AC-007-engine-25,engine,63,0.3169966596364511,560.2700083974942,39.812050863226396,130,0,278
AC-007,AC-007-engine-25,engine,64,0.33824625683926823,550.5658718664565,39.430344309546726,130,0,278
AC-007,AC-007-engine-25,engine,65,0.3234400523806554,560.6351286182384,38.93421443546193,130,0,278
AC-007,AC-007-engine-25,engine,66,0.2753649795352249,552.3414884722965,39.488043676211355,130,0,278
AC-007,AC-007-engine-25,engine,67,0.32741569496501205,566.4053549188027,40.118070699236846,130,0,278
AC-007,AC-007-engine-25,engine,68,0.32855467783761877,558.0648434711728,40.625533208783224,130,0,278
AC-007,AC-007-engine-25,engine,69,0.3159195703678548,557.7691247702147,38.4179102458883,130,0,278
AC-007,AC-007-engine-25,engine,70,0.35690925290289527,560.6803405521993,38.78525658081402,130,0,278
AC-007,AC-007-engine-25,engine,71,0.32706302960057965,561.5169601459315,39.227465446265356,130,0,278
AC-007,AC-007-engine-25,engine,72,0.3194953606106214,555.951756667123,39.80234371177669,130,0,278
AC-007,AC-007-engine-25,engine,73,0.3238679760585584,557.212313494811,38.11231048240643,130,0,278
AC-007,AC-007-engine-25,engine,74,0.33343780713118515,558.836520350681,39.111507285124404,130,0,278
AC-007,AC-007-engine-25,engine,75,0.33672798846825686,563.7477425387714,40.11929747338967,130,0,278
AC-007,AC-007-engine-25,engine,76,0.34468636961428945,559.0730318168002,38.835103004569085,130,0,278
AC-007,AC-007-engine-25,engine,77,0.31364435680762814,557.5828109626109,39.40591374608631,130,0,278
AC-007,AC-007-engine-25,engine,78,0.31969946259878096,561.3046477886465,38.40476225485559,130,0,278
AC-007,AC-007-engine-25,engine,79,0.30311950800941495,565.2007195955771,38.87955259059762,130,0,278
AC-007,AC-007-engine-25,engine,80,0.32052447884277335,555.9173384873951,39.76054438526816,130,0,278
AC-007,AC-007-engine-25,engine,81,0.36570075761427734,559.6576483959165,39.105279231827765,130,0,278
AC-007,AC-007-engine-25,engine,82,0.3605843370203372,552.910790990656,41.270838416733895,130,0,278
AC-007,AC-007-engine-25,engine,83,0.38899444846669196,548.7248919812832,39.18938668361365,130,0,278
AC-007,AC-007-engine-25,engine,84,0.32670588934035316,561.2298391942315,38.85121795300196,130,0,278
AC-007,AC-007-engine-25,engine,85,0.35830404486488243,562.2915252387224,38.34120188988368,130,0,278
AC-007,AC-007-engine-25,engine,86,0.33962083794691467,565.7325309876173,38.05068682916241,130,0,278
AC-007,AC-007-engine-25,engine,87,0.3111471910309104,573.4301171406602,38.57407350144161,130,0,278
AC-007,AC-007-engine-25,engine,88,0.34234377406938343,561.7887777454697,39.746472880832826,130,0,278
AC-007,AC-007-engine-25,engine,89,0.38157724662702974,566.9923339257936,37.66169799618963,130,0,278
AC-007,AC-007-engine-25,engine,90,0.31948123934244416,562.4163090874978,38.89330088255358,130,0,278
AC-007,AC-007-engine-25,engine,91,0.3137785875690597,568.8298641164251,38.05647743394089,130,0,278
AC-007,AC-007-engine-25,engine,92,0.3791491946398548,574.1619073574379,38.87560134030401,130,0,278
AC-007,AC-007-engine-25,engine,93,0.3591398120030223,559.2281514212802,39.728381051907405,130,0,278
AC-007,AC-007-engine-25,engine,94,0.34148535188326123,560.284412388487,38.79601256104571,130,0,278
AC-007,AC-007-engine-25,engine,95,0.3432347267011024,564.4310517505731,40.01546324736374,130,0,278
AC-007,AC-007-engine-25,engine,96,0.337955666893727,575.0717818380599,37.72095247834902,130,0,278
AC-007,AC-007-engine-25,engine,97,0.3870942014472166,561.6574901076913,39.02502061664303,130,0,278
AC-007,AC-007-engine-25,engine,98,0.34611709631125837,565.3683345420053,39.80720579491877,130,0,278
AC-007,AC-007-engine-25,engine,99,0.38706462248254003,573.3900944113783,38.58059990698324,130,0,278
AC-007,AC-007-engine-25,engine,100,0.361911904303171,563.8811328095993,37.97330657889055,130,0,278
AC-007,AC-007-engine-25,engine,101,0.3364711404175937,565.9612652387971,39.19365614599864,130,0,278
AC-007,AC-007-engine-25,engine,102,0.3223428593741951,568.2785311610261,40.43906223442996,130,0,278
AC-007,AC-007-engine-25,engine,103,0.3842110333477368,565.9491054959444,37.50494376687269,130,0,278
AC-007,AC-007-engine-25,engine,104,0.372174712852551,557.6561691366236,39.99054332969149,130,0,278
AC-007,AC-007-engine-25,engine,105,0.3599232976825608,578.7716548040671,37.131789237263966,130,0,278
AC-007,AC-007-engine-25,engine,106,0.3837865568213245,569.4880101350636,38.50586267177827,130,0,278
AC-007,AC-007-engine-25,engine,107,0.33926699384983816,573.3482532750834,39.49100203981542,130,0,278
AC-007,AC-007-engine-25,engine,108,0.40361829539028304,575.7922827826535,38.19871374924933,130,0,278
AC-007,AC-007-engine-25,engine,109,0.3491020092354702,564.2956503319999,40.24337081838933,130,0,278
AC-007,AC-007-engine-25,engine,110,0.3548909421390894,578.9288911801652,39.27254887953501,130,0,278
AC-007,AC-007-engine-25,engine,111,0.37833929773332325,570.3865929126397,39.38527308897658,130,0,278
AC-007,AC-007-engine-25,engine,112,0.37273028248147627,570.4716189626653,39.3975212713022,130,0,278
AC-007,AC-007-engine-25,engine,113,0.371470358550529,568.7263207753189,39.27805254017262,130,0,278
AC-007,AC-007-engine-25,engine,114,0.3743918359790906,575.5664122812412,38.20086815779405,130,0,278
AC-007,AC-007-engine-25,engine,115,0.3528225167147241,582.2046578928985,40.177634649726365,130,0,278
AC-007,AC-007-engine-25,engine,116,0.3960256811102348,572.0012188157662,38.306793459994566,130,0,278
AC-007,AC-007-engine-25,engine,117,0.40735321523954826,572.5856645215465,37.95043656237948,130,0,278
AC-007,AC-007-engine-25,engine,118,0.4185196896309424,574.5345270724958,40.32709206419005,130,0,278
AC-007,AC-007-engine-25,engine,119,0.3544871330609787,577.7854989701049,40.60521644322055,130,0,278
AC-007,AC-007-engine-25,engine,120,0.3844416066844924,574.2997694748962,37.34164200611153,130,0,278
AC-007,AC-007-engine-25,engine,121,0.40689671875652755,572.1979272075201,38.38963841540428,130,0,278
AC-007,AC-007-engine-25,engine,122,0.36197472330844876,584.2653746101347,39.614178307982556,130,0,278
AC-007,AC-007-engine-25,engine,123,0.38745963051648785,571.1460492250725,39.9698390403404,130,0,278
AC-007,AC-007-engine-25,engine,124,0.382210892916228,571.8302202967147,36.64624594384442,130,0,278
AC-007,AC-007-engine-25,engine,125,0.37806007213568693,570.5260627903832,37.75976805639162,130,0,278
AC-007,AC-007-engine-25,engine,126,0.4073290421238792,576.3688197898232,38.71230018300394,130,0,278
AC-007,AC-007-engine-25,engine,127,0.3794473122956138,579.0217914526223,40.251318502330314,130,0,278
AC-007,AC-007-engine-25,engine,128,0.3884290673220251,581.071777124437,36.73849430350822,130,0,278
AC-007,AC-007-engine-25,engine,129,0.42729734008717596,577.2208389115874,39.32795200299381,130,0,278
AC-007,AC-007-engine-25,engine,130,0.395939685839907,583.1255693058246,38.921620573787266,130,0,278
AC-007,AC-007-engine-25,engine,131,0.39087420444104837,585.991563388374,37.46460604745041,130,0,278
AC-007,AC-007-engine-25,engine,132,0.41701306046804215,579.0489217720119,38.54592459632111,130,0,278
AC-007,AC-007-engine-25,engine,133,0.39375752621656573,581.721303454093,37.094241653621104,130,0,278
AC-007,AC-007-engine-25,engine,134,0.4095031815135574,582.1673963975089,37.60114348024252,130,0,278
AC-007,AC-007-engine-25,engine,135,0.40501778340807726,583.0950715501372,37.49709463143029,130,0,278
AC-007,AC-007-engine-25,engine,136,0.40512111749736246,577.8794397158453,40.43113234541512,130,0,278
AC-007,AC-007-engine-25,engine,137,0.4304682538521633,584.7583785039354,39.22925282706782,130,0,278
AC-007,AC-007-engine-25,engine,138,0.3713020681103387,571.0937761465011,37.629382402356505,130,0,278
AC-007,AC-007-engine-25,engine,139,0.3849287171279578,583.1919723777584,38.205656640594896,130,0,278
AC-007,AC-007-engine-25,engine,140,0.43253281768276897,579.1800635473885,38.37075019343195,130,0,278
AC-007,AC-007-engine-25,engine,141,0.4160484946549291,587.1088717916301,37.422260035168456,130,0,278
AC-007,AC-007-engine-25,engine,142,0.44507122202502564,585.3572820774518,39.68691965945429,130,0,278
AC-007,AC-007-engine-25,engine,143,0.40326020995000855,590.0960204014496,37.823567376796746,130,0,278
AC-007,AC-007-engine-25,engine,144,0.41418424384615854,590.0540770905163,37.554353770952744,130,0,278
AC-007,AC-007-engine-25,engine,145,0.369182539952159,572.0923347632496,39.09603377458973,130,0,278
AC-007,AC-007-engine-25,engine,146,0.4487214157286823,597.361113405779,37.77596070156514,130,0,278
AC-007,AC-007-engine-25,engine,147,0.39996959576688446,586.347781061058,37.77458377212856,130,0,278
AC-007,AC-007-engine-25,engine,148,0.407399217916865,597.2134237934316,39.97212541470921,130,0,278
AC-007,AC-007-engine-25,engine,149,0.4388349323728665,589.4446396537561,36.40691180626756,129,0,278
AC-007,AC-007-engine-25,engine,150,0.46193897759705094,590.4124589546127,37.38176360738619,128,0,278
AC-007,AC-007-engine-25,engine,151,0.44238640812305857,587.6378920729776,37.786645371351725,127,0,278
AC-007,AC-007-engine-25,engine,152,0.40567786136826356,596.5409687861772,37.50399432090563,126,0,278
AC-007,AC-007-engine-25,engine,153,0.4594791329934369,590.6424933771342,37.440633788447016,125,0,278
AC-007,AC-007-engine-25,engine,154,0.4138443299704685,595.9931588622959,36.66921464977588,124,0,278
AC-007,AC-007-engine-25,engine,155,0.43016143918784505,592.7493679629162,37.63429286543461,123,0,278
AC-007,AC-007-engine-25,engine,156,0.4075788013229674,592.1434190447974,38.27610594971354,122,0,278
AC-007,AC-007-engine-25,engine,157,0.43595647827230855,592.7306642453404,37.61088180261541,121,0,278
AC-007,AC-007-engine-25,engine,158,0.44283817450728163,589.2621784530742,37.37952262018693,120,0,278
AC-007,AC-007-engine-25,engine,159,0.46708463611374557,589.7228674817175,37.00857281782746,119,0,278
AC-007,AC-007-engine-25,engine,160,0.4214279811503031,600.2532065279809,37.257675435313146,118,0,278
AC-007,AC-007-engine-25,engine,161,0.43392569523223545,596.578732638157,36.11320533347161,117,0,278
AC-007,AC-007-engine-25,engine,162,0.43214050291046374,589.3914031545297,36.21659118840399,116,0,278
AC-007,AC-007-engine-25,engine,163,0.4818495362149581,593.6047036181587,37.71595339758549,115,0,278
AC-007,AC-007-engine-25,engine,164,0.4398807724911047,601.6497467786065,36.18979709435361,114,0,278
AC-007,AC-007-engine-25,engine,165,0.4593070211606903,598.7016756787893,39.50962822344072,113,0,278
AC-007,AC-007-engine-25,engine,166,0.47305827544026163,596.0617984418882,37.832608613772145,112,0,278
AC-007,AC-007-engine-25,engine,167,0.5051522115255367,591.4705957496385,36.270607342038694,111,0,278
AC-007,AC-007-engine-25,engine,168,0.45960136872871177,598.1293510593113,36.745655392141636,110,0,278
AC-007,AC-007-engine-25,engine,169,0.440216917754229,607.8341467601676,35.62091916923726,109,0,278
AC-007,AC-007-engine-25,engine,170,0.46427119538873113,606.6466520530533,36.978251559188706,108,0,278
AC-007,AC-007-engine-25,engine,171,0.4506731021181839,595.2808117186478,36.74313884030574,107,0,278
AC-007,AC-007-engine-25,engine,172,0.45711757337425923,603.6605946697358,35.5361814799866,106,0,278
AC-007,AC-007-engine-25,engine,173,0.49052770402402124,603.8259943421822,37.0917565848188,105,0,278
AC-007,AC-007-engine-25,engine,174,0.5051089948060404,601.6766350540752,36.14018402986695,104,0,278
AC-007,AC-007-engine-25,engine,175,0.4673643019892449,603.5239038223283,36.73890933532098,103,0,278
AC-007,AC-007-engine-25,engine,176,0.46374938049906017,594.995592833225,36.232611706123706,102,0,278
AC-007,AC-007-engine-25,engine,177,0.48961525459171784,606.4203513625391,37.95655462509729,101,0,278
AC-007,AC-007-engine-25,engine,178,0.5235955235401111,610.167327725881,38.10277321732671,100,0,278
AC-007,AC-007-engine-25,engine,179,0.5018999752609241,615.5553124899781,38.53415160023506,99,0,278
AC-007,AC-007-engine-25,engine,180,0.5076781349460375,611.1764325886521,36.44090415641003,98,0,278
AC-007,AC-007-engine-25,engine,181,0.48993007338594924,606.5976191504016,37.23001927302435,97,0,278
AC-007,AC-007-engine-25,engine,182,0.47846349109277997,607.9771070133127,34.21602208211118,96,0,278
AC-007,AC-007-engine-25,engine,183,0.5294575279301275,608.4796557087753,36.98898968116454,95,0,278
AC-007,AC-007-engine-25,engine,184,0.5262883874835868,611.7364446728433,37.93976319383817,94,0,278
AC-007,AC-007-engine-25,engine,185,0.47444646626098386,622.878367601992,37.54433290952857,93,0,278
AC-007,AC-007-engine-25,engine,186,0.5056254866283675,618.6769467899323,35.25018401572379,92,0,278
AC-007,AC-007-engine-25,engine,187,0.4978409988378393,619.4364258860542,34.513147882869845,91,0,278
AC-007,AC-007-engine-25,engine,188,0.5170059569069707,615.5432367849407,38.31061601401692,90,0,278
AC-007,AC-007-engine-25,engine,189,0.4763328433678864,621.6012516569815,35.742894558854104,89,0,278
AC-007,AC-007-engine-25,engine,190,0.5012585582786014,608.1173731275684,35.17528134072261,88,0,278
AC-007,AC-007-engine-25,engine,191,0.5204876355003956,609.3435924834401,36.963978759407276,87,0,278
AC-007,AC-007-engine-25,engine,192,0.5013879540463717,609.5214983275188,35.65623929833759,86,0,278
AC-007,AC-007-engine-25,engine,193,0.5236231506153135,614.8848746509577,36.178405553351695,85,0,278
AC-007,AC-007-engine-25,engine,194,0.5330665331713006,622.3722801269838,35.794040088129165,84,0,278
AC-007,AC-007-engine-25,engine,195,0.5005229661374184,618.0327354762336,36.534517915900665,83,0,278
AC-007,AC-007-engine-25,engine,196,0.49446956820383614,613.8948701137406,35.30420733828994,82,0,278
AC-007,AC-007-engine-25,engine,197,0.5218159437831723,615.2419489022377,36.68975383518437,81,0,278
AC-007,AC-007-engine-25,engine,198,0.49616968212268714,611.8512900604281,35.607936145788884,80,0,278
AC-007,AC-007-engine-25,engine,199,0.5270708940233049,613.182987612574,35.29398093324396,79,0,278
AC-007,AC-007-engine-25,engine,200,0.524886323071938,619.1995989766536,36.01130904915028,78,0,278
AC-007,AC-007-engine-25,engine,201,0.5220105164060372,629.2687102511411,36.30612296694231,77,0,278
AC-007,AC-007-engine-25,engine,202,0.5214463637158419,623.0690845617088,35.9002173785404,76,0,278
AC-007,AC-007-engine-25,engine,203,0.5642412490127546,620.3151715984957,36.50161746175971,75,0,278
AC-007,AC-007-engine-25,engine,204,0.5431537397925503,631.4990312779635,36.98303989216117,74,0,278
AC-007,AC-007-engine-25,engine,205,0.5486377124828254,623.4574588477171,36.15641699606215,73,0,278
AC-007,AC-007-engine-25,engine,206,0.543482247322474,633.9016390442025,35.68573678279893,72,0,278
AC-007,AC-007-engine-25,engine,207,0.5413831620487755,623.9368179498902,34.35147970904072,71,0,278
AC-007,AC-007-engine-25,engine,208,0.5630436094548844,622.8731855374468,36.61970510742298,70,0,278
AC-007,AC-007-engine-25,engine,209,0.5284817833669433,628.3513552703307,36.62861514610679,69,0,278
AC-007,AC-007-engine-25,engine,210,0.5137352460684299,638.5519405236811,35.00973369416362,68,0,278
AC-007,AC-007-engine-25,engine,211,0.5620534432780442,632.0668820159933,36.117568422607974,67,0,278
AC-007,AC-007-engine-25,engine,212,0.5671722080338651,634.9491401950703,35.866723525923206,66,0,278
AC-007,AC-007-engine-25,engine,213,0.5993867910631584,633.329994683374,37.26829475077176,65,0,278
AC-007,AC-007-engine-25,engine,214,0.5846770294210772,622.4493043372578,37.87056129854208,64,0,278
AC-007,AC-007-engine-25,engine,215,0.5576665001605627,639.7190313435415,35.241844423917534,63,0,278
AC-007,AC-007-engine-25,engine,216,0.5928847625559128,629.565731319073,35.79618085590983,62,0,278
AC-007,AC-007-engine-25,engine,217,0.5691203669296979,641.6735143416563,35.564282783637694,61,0,278
AC-007,AC-007-engine-25,engine,218,0.5954358964573134,623.7320456410819,34.995013211210804,60,0,278
AC-007,AC-007-engine-25,engine,219,0.5874725874861149,636.4479940498218,35.99650735087431,59,0,278
AC-007,AC-007-engine-25,engine,220,0.5744996263958378,636.354902866408,36.17113411910678,58,0,278
AC-007,AC-007-engine-25,engine,221,0.5388117331032889,639.8423259774738,34.61037271761185,57,0,278
AC-007,AC-007-engine-25,engine,222,0.5687185979147036,639.3664590231449,36.12585200070596,56,0,278
AC-007,AC-007-engine-25,engine,223,0.6103389296290107,637.7998954841502,35.72807779932846,55,0,278
AC-007,AC-007-engine-25,engine,224,0.6095201489217661,638.8338853275715,34.112985386627805,54,0,278
AC-007,AC-007-engine-25,engine,225,0.5820684936438957,644.2588477701674,34.71744119933011,53,0,278
AC-007,AC-007-engine-25,engine,226,0.5764755585451947,632.4476644985064,35.54473451094427,52,0,278
AC-007,AC-007-engine-25,engine,227,0.5891013085279572,643.3298734089926,35.90571798310038,51,0,278
AC-007,AC-007-engine-25,engine,228,0.576507706829578,642.2617619872448,34.44821791837406,50,0,278
AC-007,AC-007-engine-25,engine,229,0.6129420186325839,649.4963214454431,33.242154209870485,49,0,278
AC-007,AC-007-engine-25,engine,230,0.6194157302074884,649.2747711962769,34.33771589189436,48,0,278
AC-007,AC-007-engine-25,engine,231,0.6079550868488297,647.0295883386361,34.82118993643748,47,0,278
AC-007,AC-007-landing_gear-26,landing_gear,1,0.15990817914232736,63.50071709758924,3009.2894402437737,130,0,202
AC-007,AC-007-landing_gear-26,landing_gear,2,0.135080503595615,59.657233326073836,3009.6614760840644,130,0,202
AC-007,AC-007-landing_gear-26,landing_gear,3,0.13860362510963306,58.92289430843571,2929.399190655403,130,0,202
AC-007,AC-007-landing_gear-26,landing_gear,4,0.15616114889431107,60.5037477210026,2917.47557070743,130,0,202
AC-007,AC-007-landing_gear-26,landing_gear,5,0.15365250274776765,59.839663433292316,3025.4531031191927,130,0,202
AC-007,AC-007-landing_gear-26,landing_gear,6,0.1462831856124506,57.60879579443792,2960.9284088104296,130,0,202
AC-007,AC-007-landing_gear-26,landing_gear,7,0.14488849193313372,60.074488229650996,3006.6774056749255,130,0,202
AC-007,AC-007-landing_gear-26,landing_gear,8,0.14844570779970548,58.753568458196206,2981.4887523922953,130,0,202
AC-007,AC-007-landing_gear-26,landing_gear,9,0.17552389524258033,57.71760103800611,2970.910339872661,130,0,202
AC-007,AC-007-landing_gear-26,landing_gear,10,0.18348995761147285,61.29980100923442,2929.530522630705,130,0,202
AC-007,AC-007-landing_gear-26,landing_gear,11,0.15909408603840022,57.314364265638396,3043.6738380605816,130,0,202
AC-007,AC-007-landing_gear-26,landing_gear,12,0.14868441700631277,58.733548438199755,3078.34080897466,130,0,202
AC-007,AC-007-landing_gear-26,landing_gear,13,0.15659590745855992,62.98109457447879,3019.2609334907506,130,0,202
AC-007,AC-007-landing_gear-26,landing_gear,14,0.14663633115654015,61.906115020406034,3057.578699248967,130,0,202
AC-007,AC-007-landing_gear-26,landing_gear,15,0.15258806762270619,65.48764029220823,3039.215860993347,130,0,202
AC-007,AC-007-landing_gear-26,landing_gear,16,0.15353145180886207,60.848568013796516,3003.0975196186587,130,0,202
AC-007,AC-007-landing_gear-26,landing_gear,17,0.1390812059093672,59.83602299692866,3006.8097408928793,130,0,202
AC-007,AC-007-landing_gear-26,landing_gear,18,0.14762573833737883,61.13213702611703,2996.301135717638,130,0,202
AC-007,AC-007-landing_gear-26,landing_gear,19,0.1597275325763146,62.122044720885654,3003.0493612717037,130,0,202
AC-007,AC-007-landing_gear-26,landing_gear,20,0.1385335371981456,65.51921262345455,2987.0236737750015,130,0,202
AC-007,AC-007-landing_gear-26,landing_gear,21,0.15162288235060872,59.13455391307251,2969.0947588298964,130,0,202
AC-007,AC-007-landing_gear-26,landing_gear,22,0.16810943647451557,64.3360566941256,3015.102720860189,130,0,202
AC-007,AC-007-landing_gear-26,landing_gear,23,0.1518419918877092,62.05182018384236,2995.911199936425,130,0,202
AC-007,AC-007-landing_gear-26,landing_gear,24,0.1512739300168474,61.22606171119089,2969.472354785852,130,0,202
AC-007,AC-007-landing_gear-26,landing_gear,25,0.15596899593873054,60.84241966344466,3020.9565255997068,130,0,202
AC-007,AC-007-landing_gear-26,landing_gear,26,0.14753620615311375,62.37891410715428,2944.7442234114883,130,0,202
AC-007,AC-007-landing_gear-26,landing_gear,27,0.14829415997138684,58.68121325506939,2935.6778740810514,130,0,202
AC-007,AC-007-landing_gear-26,landing_gear,28,0.16447972841174113,57.38104960995624,2953.525901588641,130,0,202
AC-007,AC-007-landing_gear-26,landing_gear,29,0.16719149010359202,58.597412761020756,2978.226431079827,130,0,202
AC-007,AC-007-landing_gear-26,landing_gear,30,0.14484245874095716,62.82970353954289,3029.1028155425597,130,0,202
AC-007,AC-007-landing_gear-26,landing_gear,31,0.16268857187330976,61.96586367338685,2989.548487998773,130,0,202
AC-007,AC-007-landing_gear-26,landing_gear,32,0.15040273857520403,57.93152576297419,3049.4379290191932,130,0,202
AC-007,AC-007-landing_gear-26,landing_gear,33,0.16365296870491416,58.32041571757528,2985.9784524440943,130,0,202
AC-007,AC-007-landing_gear-26,landing_gear,34,0.15337322413141838,57.04032622030065,2991.8842353343493,130,0,202
AC-007,AC-007-landing_gear-26,landing_gear,35,0.1525999258230526,57.592713498809246,2908.0304323850596,130,0,202
AC-007,AC-007-landing_gear-26,landing_gear,36,0.14150832319811973,59.362145496927845,2976.688296278284,130,0,202
AC-007,AC-007-landing_gear-26,landing_gear,37,0.148795884163841,62.455477767335964,2976.592293536281,130,0,202
AC-007,AC-007-landing_gear-26,landing_gear,38,0.1637313077672942,59.98209794019073,2939.410905809491,130,0,202
AC-007,AC-007-brakes-27,brakes,1,0.20809572368923632,112.5032209358636,1527.5428299163168,130,0,269
AC-007,AC-007-brakes-27,brakes,2,0.19493974732511757,128.50192648235395,1466.3047208236042,130,0,269
AC-007,AC-007-brakes-27,brakes,3,0.18987076740624687,123.05121086650648,1535.0775998856234,130,0,269
AC-007,AC-007-brakes-27,brakes,4,0.22506546769970898,120.3375627169455,1555.0660348486174,130,0,269
AC-007,AC-007-brakes-27,brakes,5,0.19575867874478284,128.8005056781202,1471.6309230990564,130,0,269
AC-007,AC-007-brakes-27,brakes,6,0.20645225927166538,101.28138084002009,1466.2030179816898,130,0,269
AC-007,AC-007-brakes-27,brakes,7,0.2072033000758535,109.52080399286001,1512.6053402190337,130,0,269
AC-007,AC-007-brakes-27,brakes,8,0.21386220811212603,116.01597208824784,1470.6660750298336,130,0,269
AC-007,AC-007-brakes-27,brakes,9,0.19322301701679123,112.30708307198773,1496.62777700491,130,0,269
AC-007,AC-007-brakes-27,brakes,10,0.20194594734197838,117.59337781209125,1549.8161892369476,130,0,269
AC-007,AC-007-brakes-27,brakes,11,0.18971059414677052,131.18163057825,1468.2611714685613,130,0,269
AC-007,AC-007-brakes-27,brakes,12,0.20168867022398954,129.52454393587118,1533.3437078927332,130,0,269
AC-007,AC-007-brakes-27,brakes,13,0.1943967852015271,124.51062312727382,1511.9347188428962,130,0,269
AC-007,AC-007-brakes-27,brakes,14,0.19271350473967694,125.00885873904139,1555.062172743003,130,0,269
AC-007,AC-007-brakes-27,brakes,15,0.20800833290541804,124.62413332551323,1519.2318264165426,130,0,269
AC-007,AC-007-brakes-27,brakes,16,0.1791466960894352,123.78793190562655,1468.4358675550818,130,0,269
AC-007,AC-007-brakes-27,brakes,17,0.19234985511895217,137.41535017244993,1491.2039924808166,130,0,269
AC-007,AC-007-brakes-27,brakes,18,0.19024065345403576,129.35498713305606,1470.2264248962797,130,0,269
AC-007,AC-007-bogie-28,bogie,1,0.2187746793926463,82.17631153969991,196.03463501471606,130,0,238
AC-007,AC-007-bogie-28,bogie,2,0.28082351091131247,77.5766645391012,210.5094350779838,130,0,238
AC-007,AC-007-bogie-28,bogie,3,0.28557354330390633,76.59940484643863,198.06151430904825,130,0,238
AC-007,AC-007-bogie-28,bogie,4,0.2578784302057193,76.57626630833425,202.6916508299764,130,0,238
AC-007,AC-007-bogie-28,bogie,5,0.2456671016293025,79.0285567738624,200.4717298066094,130,0,238
AC-007,AC-007-bogie-28,bogie,6,0.2516636249379395,80.6682340430438,193.98631461195288,130,0,238
AC-007,AC-007-bogie-28,bogie,7,0.23922095997667275,79.54295068276296,199.51782151151747,130,0,238
AC-007,AC-007-bogie-28,bogie,8,0.2416467120923889,81.31835584254787,181.8071879648404,130,0,238
AC-007,AC-007-bogie-28,bogie,9,0.2359269187311494,78.90888837035277,191.38164877936558,130,0,238
AC-007,AC-007-bogie-28,bogie,10,0.2832459898138673,80.11075562784325,201.69708030037216,130,0,238
AC-007,AC-007-bogie-28,bogie,11,0.241136441557095,79.97960729004973,187.76201941388953,130,0,238
AC-007,AC-007-bogie-28,bogie,12,0.24755698178357127,76.30281015257552,197.12427641852128,130,0,238
AC-007,AC-007-bogie-28,bogie,13,0.1999204985588452,75.5476580934203,214.51992219075453,130,0,238
AC-007,AC-007-bogie-28,bogie,14,0.2679055328368221,85.34536149591005,213.738804392211,130,0,238
AC-007,AC-007-bogie-28,bogie,15,0.26494931489809076,78.2679688006062,189.4686034530983,130,0,238
AC-007,AC-007-bogie-28,bogie,16,0.27462968767427887,80.34866099436476,224.75944997018865,130,0,238
AC-007,AC-007-bogie-28,bogie,17,0.24461130578590737,87.99362423544845,198.22800046038938,130,0,238
AC-007,AC-007-bogie-28,bogie,18,0.2788659475824878,86.90116564958656,189.5417033168794,130,0,238
AC-007,AC-007-bogie-28,bogie,19,0.24268996499304146,75.99554584701168,187.44562961780616,130,0,238
AC-007,AC-007-bogie-28,bogie,20,0.2659894550812567,79.35471948277765,200.24119730435388,130,0,238
AC-007,AC-007-bogie-28,bogie,21,0.264044332872476,72.72616200770089,212.55624135444944,130,0,238
AC-007,AC-007-bogie-28,bogie,22,0.24622233959881848,82.30049711111766,205.86534461995302,130,0,238
AC-007,AC-007-bogie-28,bogie,23,0.2809180673638539,79.76735104345863,178.39006422038915,130,0,238
AC-007,AC-007-bogie-28,bogie,24,0.25495584229096235,81.0062029004806,189.25064047293046,130,0,238
AC-007,AC-007-bogie-28,bogie,25,0.2570874975742177,78.77660276699132,186.13110749538194,130,0,238
AC-007,AC-007-bogie-28,bogie,26,0.2679050174397662,77.98378310518645,195.45884043507405,130,0,238
AC-007,AC-007-bogie-28,bogie,27,0.24557461823821425,85.19931146633424,199.07604422931078,130,0,238
AC-007,AC-007-bogie-28,bogie,28,0.2567723078296016,78.51427199145095,204.07503500455596,130,0,238
AC-007,AC-007-bogie-28,bogie,29,0.2825540292127815,82.88838557628033,206.27478500067997,130,0,238
AC-007,AC-007-bogie-28,bogie,30,0.2680828697768918,74.79680359524627,190.60326334602675,130,0,238
AC-007,AC-007-bogie-28,bogie,31,0.25226235579301287,77.43585602549352,188.67600536150718,130,0,238
AC-007,AC-007-bogie-28,bogie,32,0.2193356674437283,74.97543953472423,196.7116316520524,130,0,238
AC-007,AC-007-bogie-28,bogie,33,0.2558209741112602,77.21229163935172,200.0202386390842,130,0,238
AC-007,AC-007-bogie-28,bogie,34,0.24897638840632225,84.77045761480153,197.56741582913938,130,0,238
AC-007,AC-007-bogie-28,bogie,35,0.27203647921972984,81.24538100073586,185.11423770444526,130,0,238
AC-007,AC-007-bogie-28,bogie,36,0.25676673903451147,75.51509840531219,198.00360201257692,130,0,238
AC-007,AC-007-bogie-28,bogie,37,0.24416056775255449,82.01122195245487,185.6097169883067,130,0,238
AC-007,AC-007-bogie-28,bogie,38,0.2598537427410241,82.799513329476,208.05625369464352,130,0,238
AC-007,AC-007-bogie-28,bogie,39,0.24478611380637175,80.60804223357836,200.76739303961642,130,0,238
AC-007,AC-007-bogie-28,bogie,40,0.2915349978738862,74.63961161209444,189.75911083909955,130,0,238
AC-007,AC-007-bogie-28,bogie,41,0.31721796604708086,79.50114239443526,179.90299884044893,130,0,238
AC-007,AC-007-bogie-28,bogie,42,0.2500271978250782,69.54734448438477,201.16353238407712,130,0,238
AC-007,AC-007-bogie-28,bogie,43,0.2784366209876419,77.00619987036913,193.98706202739666,130,0,238
AC-007,AC-007-bogie-28,bogie,44,0.2812899745698456,73.68270568528064,185.41715278867468,130,0,238
AC-007,AC-007-bogie-28,bogie,45,0.25884379409889813,77.70565252923731,195.63134726705493,130,0,238
AC-007,AC-007-bogie-28,bogie,46,0.2387335382061779,81.60437632204915,197.01342439147388,130,0,238
AC-007,AC-007-bogie-28,bogie,47,0.2756080419304201,81.58155704436167,200.50698264007923,130,0,238
AC-007,AC-007-bogie-28,bogie,48,0.23632701299696218,82.78386807791625,195.06433223928204,130,0,238
AC-007,AC-007-bogie-28,bogie,49,0.26256336256673085,85.04080837061514,191.11014270472722,130,0,238
AC-007,AC-007-bogie-28,bogie,50,0.29357442451141574,86.66060722107828,205.7624323264719,130,0,238
AC-007,AC-007-bogie-28,bogie,51,0.24760697153975358,72.17319436443105,208.95161444872184,130,0,238
AC-007,AC-007-bogie-28,bogie,52,0.27012897938494373,77.97394495182466,209.826153767335,130,0,238
AC-007,AC-007-bogie-28,bogie,53,0.2513652315343399,79.29518745517736,203.26528666696768,130,0,238
AC-007,AC-007-bogie-28,bogie,54,0.2470327241035262,80.59166466748232,208.83219522731244,130,0,238
AC-007,AC-007-bogie-28,bogie,55,0.2742486077825278,86.05777963583367,209.19987500298208,130,0,238
AC-007,AC-007-bogie-28,bogie,56,0.27091601236317286,71.76030093055661,186.72774417587462,130,0,238
AC-007,AC-007-bogie-28,bogie,57,0.2867760212774193,74.94615906711108,194.438744617626,130,0,238
AC-007,AC-007-bogie-28,bogie,58,0.27904028524885305,87.06605200838324,191.87426458478149,130,0,238
AC-007,AC-007-bogie-28,bogie,59,0.26017549332910644,81.019296801259,201.050969963619,130,0,238
AC-007,AC-007-bogie-28,bogie,60,0.2707481260888976,85.46817006950694,189.46636832178788,130,0,238
AC-007,AC-007-bogie-28,bogie,61,0.2770373370208045,83.09467048649334,193.37003260993092,130,0,238
AC-007,AC-007-bogie-28,bogie,62,0.29224261339118096,81.9530829468351,205.17395956779134,130,0,238
AC-007,AC-007-bogie-28,bogie,63,0.2801580337180701,82.9070023689939,190.87331426541647,130,0,238
AC-007,AC-007-bogie-28,bogie,64,0.2645012949407345,86.34381146875826,203.46265334711703,130,0,238
AC-007,AC-007-bogie-28,bogie,65,0.25751144379793034,82.2152268784795,173.2786931049254,130,0,238
AC-007,AC-007-bogie-28,bogie,66,0.2673592025165632,85.3821376819757,195.67249016189623,130,0,238
AC-007,AC-007-bogie-28,bogie,67,0.2820767584423991,69.51946194987,192.90748994673677,130,0,238
AC-007,AC-007-bogie-28,bogie,68,0.2873776893745034,83.49381256281785,206.35825099089467,130,0,238
AC-007,AC-007-bogie-28,bogie,69,0.2773140703017251,81.01840210082041,183.31677500326737,130,0,238
AC-007,AC-007-bogie-28,bogie,70,0.2783490155833181,76.68380355663717,178.0610911894891,130,0,238
AC-007,AC-007-bogie-28,bogie,71,0.26166932058451253,87.8146280571745,193.73461113295,130,0,238
AC-007,AC-007-bogie-28,bogie,72,0.28871715745748733,79.7763942057155,178.43373138446557,130,0,238
AC-007,AC-007-bogie-28,bogie,73,0.3040018154962638,73.19278360045337,190.68892091233198,130,0,238
AC-007,AC-007-bogie-28,bogie,74,0.28516043877167185,82.85543784778199,188.86834540658617,130,0,238
AC-007,AC-007-bogie-28,bogie,75,0.2504799307089309,78.78171538372654,188.5402430176668,130,0,238
AC-007,AC-007-bogie-28,bogie,76,0.2727769550386398,85.91963835772329,183.78516422482284,130,0,238
AC-007,AC-007-bogie-28,bogie,77,0.2952713155925694,82.726613754408,205.41769956364402,130,0,238
AC-007,AC-007-bogie-28,bogie,78,0.28761523842148623,85.3126772477889,193.9814918610617,130,0,238
AC-007,AC-007-bogie-28,bogie,79,0.30000511273069325,76.1918229682909,169.2100446025292,130,0,238
AC-007,AC-007-bogie-28,bogie,80,0.2999208262034405,83.98445992453684,200.235568490759,130,0,238
AC-007,AC-007-bogie-28,bogie,81,0.28293710636050984,88.27546269714034,190.7680744660321,130,0,238
AC-007,AC-007-bogie-28,bogie,82,0.30293244516288453,84.75267102105296,212.4391493554178,130,0,238
AC-007,AC-007-bogie-28,bogie,83,0.2892666210778281,79.81961309367671,180.1537767186601,130,0,238
AC-007,AC-007-bogie-28,bogie,84,0.32776014290141553,84.17699310916302,199.54791209700528,130,0,238
AC-007,AC-007-bogie-28,bogie,85,0.3601657174795396,83.85119937290847,181.87474513267313,130,0,238
AC-007,AC-007-bogie-28,bogie,86,0.29504563162845066,78.71226786478192,190.8185210538192,130,0,238
AC-007,AC-007-bogie-28,bogie,87,0.2920572221388207,80.32438319274048,180.72221343242865,130,0,238
AC-007,AC-007-bogie-28,bogie,88,0.3331175985233153,83.92966235641327,192.27673929567823,130,0,238
AC-007,AC-007-bogie-28,bogie,89,0.3175921146864945,84.68103486452715,197.1633757971613,130,0,238
AC-007,AC-007-bogie-28,bogie,90,0.31732435238818024,83.39570649145297,200.98227953707925,130,0,238
AC-007,AC-007-bogie-28,bogie,91,0.3198849103774171,83.57475037265716,191.94830419998695,130,0,238
AC-007,AC-007-bogie-28,bogie,92,0.3366421344063114,81.0768833543587,197.9361569773686,130,0,238
AC-007,AC-007-bogie-28,bogie,93,0.31553710119974004,80.61557835014325,185.81415662848946,130,0,238
AC-007,AC-007-bogie-28,bogie,94,0.3014198877656409,81.15096875705959,179.1790220440873,130,0,238
AC-007,AC-007-bogie-28,bogie,95,0.29671826232108545,84.25146068368338,206.28629835119574,130,0,238
AC-007,AC-007-bogie-28,bogie,96,0.32210046705373047,72.85586949186612,199.90502217687913,130,0,238
AC-007,AC-007-bogie-28,bogie,97,0.301127321601484,85.13447268911897,193.2143426271579,130,0,238
AC-007,AC-007-bogie-28,bogie,98,0.3097275623571562,82.98206054835904,192.99374999688698,130,0,238
AC-007,AC-007-bogie-28,bogie,99,0.3417736124705458,83.38191994652584,203.9342399420796,130,0,238
AC-007,AC-007-bogie-28,bogie,100,0.33500106908585603,86.19900628467823,175.072163610016,130,0,238
AC-007,AC-007-bogie-28,bogie,101,0.33986628422273074,81.77018848209757,199.95368549346787,130,0,238
AC-007,AC-007-bogie-28,bogie,102,0.2994268943555999,78.93317321454208,212.4169485928018,130,0,238
AC-007,AC-007-bogie-28,bogie,103,0.30109505019490923,88.33027783789613,193.69250065098691,130,0,238
AC-007,AC-007-bogie-28,bogie,104,0.3132027114660852,83.63962380312122,179.35117635380277,130,0,238
AC-007,AC-007-bogie-28,bogie,105,0.32271366673307494,79.56177230843,188.26009492883247,130,0,238
AC-007,AC-007-bogie-28,bogie,106,0.34289162788697575,84.98399665863512,177.2438271063858,130,0,238
AC-007,AC-007-bogie-28,bogie,107,0.34282552201854005,84.01404145797744,186.4932663046786,130,0,238
AC-007,AC-007-bogie-28,bogie,108,0.3421526490214736,83.4495258757344,180.10668015365806,130,0,238
AC-007,AC-007-bogie-28,bogie,109,0.3656119212256731,84.1258223349257,190.79620374219851,129,0,238
AC-007,AC-007-bogie-28,bogie,110,0.32200346820580905,88.99216011198614,186.20662061026803,128,0,238
AC-007,AC-007-bogie-28,bogie,111,0.30066905969828245,81.63561771905687,204.56708927126635,127,0,238
AC-007,AC-007-bogie-28,bogie,112,0.34968762592810426,83.40900313330519,204.87441992851547,126,0,238
AC-007,AC-007-bogie-28,bogie,113,0.34949339369020077,83.44215183152893,189.32388287685447,125,0,238
AC-007,AC-007-bogie-28,bogie,114,0.3426237107578268,81.2611111943537,190.8677326690756,124,0,238
AC-007,AC-007-bogie-28,bogie,115,0.34372367100669277,77.92164991033528,188.76776704478215,123,0,238
AC-007,AC-007-bogie-28,bogie,116,0.33302156819297574,88.86334898119006,172.05287625919212,122,0,238
AC-007,AC-007-bogie-28,bogie,117,0.3329951002824317,82.90632651328863,199.93401943372206,121,0,238
AC-007,AC-007-bogie-28,bogie,118,0.3413100586557782,92.10069805157354,196.78949488113574,120,0,238
AC-007,AC-007-bogie-28,bogie,119,0.33554554011620963,85.95863478623583,186.45931190630543,119,0,238
AC-007,AC-007-bogie-28,bogie,120,0.3625201723570861,79.75559584269077,181.59426684257704,118,0,238
AC-007,AC-007-bogie-28,bogie,121,0.3560415400560077,90.07250535142299,167.641354925551,117,0,238
AC-007,AC-007-bogie-28,bogie,122,0.37602589773270284,84.69473806830902,170.65069321658626,116,0,238
AC-007,AC-007-bogie-28,bogie,123,0.29012388889344687,79.22423950909935,189.11938389688106,115,0,238
AC-007,AC-007-bogie-28,bogie,124,0.3504756978837489,87.96179686629999,183.64713796946486,114,0,238
AC-007,AC-007-bogie-28,bogie,125,0.33128130121004984,83.86456709676834,189.30227757429194,113,0,238
AC-007,AC-007-bogie-28,bogie,126,0.35971926212747923,82.44887753509032,197.8033943389937,112,0,238
AC-007,AC-007-bogie-28,bogie,127,0.34435080547364727,82.21599673246722,183.18635254178344,111,0,238
AC-007,AC-007-bogie-28,bogie,128,0.37996371969228815,85.25371638440994,181.48506057695712,110,0,238
AC-007,AC-007-bogie-28,bogie,129,0.37869048704766867,94.44663853519219,190.34553759229505,109,0,238
AC-007,AC-007-bogie-28,bogie,130,0.3865598377068221,90.11140452173987,182.00941704453524,108,0,238
AC-007,AC-007-bogie-28,bogie,131,0.3641435691402075,80.92906870948714,185.83208287977746,107,0,238
AC-007,AC-007-bogie-28,bogie,132,0.3528282157796916,84.54056407328179,180.196833882228,106,0,238
AC-007,AC-007-bogie-28,bogie,133,0.3613644652201717,88.3746054855441,186.31373141463118,105,0,238
AC-007,AC-007-bogie-28,bogie,134,0.3315865562412061,83.35546548420946,172.12611098681066,104,0,238
AC-007,AC-007-bogie-28,bogie,135,0.37553608411853373,88.448196368158,189.69562839465917,103,0,238
AC-007,AC-007-bogie-28,bogie,136,0.356700891725849,87.51802796142282,182.23763295251536,102,0,238
AC-007,AC-007-bogie-28,bogie,137,0.3514918111801238,89.59472342150926,194.92627005189064,101,0,238
AC-007,AC-007-bogie-28,bogie,138,0.3950548109704449,84.29070700513816,198.3454203163948,100,0,238
AC-007,AC-007-bogie-28,bogie,139,0.36803907808621317,89.43591051883536,181.24706291697063,99,0,238
AC-007,AC-007-bogie-28,bogie,140,0.3752781421922126,77.23570379535674,183.14003740600384,98,0,238
AC-007,AC-007-bogie-28,bogie,141,0.38343988774753585,85.3794329125092,203.5226179169223,97,0,238
AC-007,AC-007-bogie-28,bogie,142,0.3602423102403909,84.86522875541877,176.71216649247253,96,0,238
AC-007,AC-007-bogie-28,bogie,143,0.37410287649240187,91.34583444228609,200.3399535622231,95,0,238
AC-007,AC-007-bogie-28,bogie,144,0.3732625885697011,84.42948667113812,173.785679829999,94,0,238
AC-007,AC-007-bogie-28,bogie,145,0.4153174138245885,91.90757528602266,184.09306668339724,93,0,238
AC-007,AC-007-bogie-28,bogie,146,0.36319622806454105,82.29965437767784,186.65368522484022,92,0,238
AC-007,AC-007-bogie-28,bogie,147,0.40404471684643867,79.36517856538254,181.5273853236869,91,0,238
AC-007,AC-007-bogie-28,bogie,148,0.42737686334584013,86.86388026972912,199.4285467154057,90,0,238
AC-007,AC-007-bogie-28,bogie,149,0.4099580958013437,83.50166416851083,181.39572192277691,89,0,238
AC-007,AC-007-bogie-28,bogie,150,0.3963827567092274,84.13430793989912,174.4126113473443,88,0,238
AC-007,AC-007-bogie-28,bogie,151,0.43108472217073784,84.14118953874107,194.68309672906105,87,0,238
AC-007,AC-007-bogie-28,bogie,152,0.3942256101996653,88.05505866803881,189.30321220724272,86,0,238
AC-007,AC-007-bogie-28,bogie,153,0.3930033163378248,90.53692337642711,163.0050907596182,85,0,238
AC-007,AC-007-bogie-28,bogie,154,0.41580106818351764,78.49958192385878,180.98412788872477,84,0,238
AC-007,AC-007-bogie-28,bogie,155,0.4261374513312551,90.97198611089405,170.0502854370595,83,0,238
AC-007,AC-007-bogie-28,bogie,156,0.38771821550302904,85.83792535470408,184.67693159159208,82,0,238
AC-007,AC-007-bogie-28,bogie,157,0.37254499201439323,88.65023400675335,185.70803711770546,81,0,238
AC-007,AC-007-bogie-28,bogie,158,0.4096083051785693,90.91563314133163,184.6085430450232,80,0,238
AC-007,AC-007-bogie-28,bogie,159,0.4065345971790865,81.18151895187214,183.48157802988803,79,0,238
AC-007,AC-007-bogie-28,bogie,160,0.40041804922389423,86.72553918207349,186.71342281659153,78,0,238
AC-007,AC-007-bogie-28,bogie,161,0.4499513389489639,89.00000864118006,187.23615009456253,77,0,238
AC-007,AC-007-bogie-28,bogie,162,0.3948534397993559,90.24838907717553,180.86835111683757,76,0,238
AC-007,AC-007-bogie-28,bogie,163,0.45047917416742794,87.21921263214654,178.82153075585316,75,0,238
AC-007,AC-007-bogie-28,bogie,164,0.44923574842040465,89.128369314568,169.91857721883412,74,0,238
AC-007,AC-007-bogie-28,bogie,165,0.4812702016567494,85.29829754350358,180.12766199080374,73,0,238
AC-007,AC-007-bogie-28,bogie,166,0.4393626170150112,90.80000891049774,178.64348521118947,72,0,238
AC-007,AC-007-bogie-28,bogie,167,0.4309382047778786,88.9073878515631,169.14643078065643,71,0,238
AC-007,AC-007-bogie-28,bogie,168,0.479855595361119,89.08543425302192,186.0385140804801,70,0,238
AC-007,AC-007-bogie-28,bogie,169,0.4323891933936456,88.66533200643288,175.27678998159385,69,0,238
AC-007,AC-007-bogie-28,bogie,170,0.4103296148524599,89.56159707216997,175.5217601914996,68,0,238
AC-007,AC-007-bogie-28,bogie,171,0.46701454145126137,85.53768226393211,173.5795627559111,67,0,238
AC-007,AC-007-bogie-28,bogie,172,0.4278860031781589,96.21571157675339,170.41473555004097,66,0,238
AC-007,AC-007-bogie-28,bogie,173,0.4593848112437918,94.44804932558495,177.40396402192385,65,0,238
AC-007,AC-007-bogie-28,bogie,174,0.42289983675684206,85.23330759297998,187.2177945918913,64,0,238
AC-007,AC-007-bogie-28,bogie,175,0.42753465941639046,92.38125523316698,179.5171935203513,63,0,238
AC-007,AC-007-bogie-28,bogie,176,1.212612913085698,92.82341994602234,168.7891307265434,62,1,238
AC-007,AC-007-bogie-28,bogie,177,0.4378966640166263,93.92142734157073,171.58311628401776,61,0,238
AC-007,AC-007-bogie-28,bogie,178,0.40475446254461567,93.78208425205379,167.26326099827565,60,0,238
AC-007,AC-007-bogie-28,bogie,179,0.4714635953209749,96.88440087795428,177.54139761124668,59,0,238
AC-007,AC-007-bogie-28,bogie,180,0.4844128803646455,92.05506078781814,192.9945531500648,58,0,238
AC-007,AC-007-bogie-28,bogie,181,0.4456453481150916,91.53447289381317,183.59695041945642,57,0,238
AC-007,AC-007-bogie-28,bogie,182,0.46548242229924547,96.30437771671448,172.28860114468458,56,0,238
AC-007,AC-007-bogie-28,bogie,183,0.5130944882115906,100.31316682663632,179.1719663431783,55,0,238
AC-007,AC-007-bogie-28,bogie,184,0.4851887371160254,96.72064379630831,164.2201099027068,54,0,238
AC-007,AC-007-bogie-28,bogie,185,0.4503396021376512,97.10992111832157,178.57139380294794,53,0,238
AC-007,AC-007-bogie-28,bogie,186,0.474505627020239,92.25973224831583,151.70910720277692,52,0,238
AC-007,AC-007-bogie-28,bogie,187,0.4776938557516763,89.33475181873732,184.4868387851304,51,0,238
AC-007,AC-007-bogie-28,bogie,188,0.5038883282998318,94.78606561556772,178.99589712989524,50,0,238
AC-007,AC-007-bogie-28,bogie,189,0.4565366290394354,94.97502906739234,181.06906596042415,49,0,238
AC-007,AC-007-bogie-28,bogie,190,0.5138965089612584,101.21911423030126,157.58184330312298,48,0,238
AC-007,AC-007-bogie-28,bogie,191,0.4837454518359162,89.91173282994438,175.96347312670082,47,0,238
AC-007,AC-007-bogie-28,bogie,192,0.4943185985653918,92.07970164906774,184.2439837312351,46,0,238
AC-007,AC-007-bogie-28,bogie,193,0.4745710908205196,88.98748079945013,163.45381395097849,45,0,238
AC-007,AC-007-bogie-28,bogie,194,0.49195487752907363,88.37424869782426,172.937065989064,44,0,238
AC-008,AC-008-engine-29,engine,1,0.2988267205466983,555.3183491045136,39.80465270679676,130,0,164
AC-008,AC-008-engine-29,engine,2,0.29958302668510517,547.2065371140096,39.991763691469274,130,0,164
AC-008,AC-008-engine-29,engine,3,0.3143952061345386,547.9893393978394,40.515734984545375,130,0,164
AC-008,AC-008-engine-29,engine,4,0.2840127585780144,553.8770493772839,39.41533510070711,130,0,164
AC-008,AC-008-engine-29,engine,5,0.31745187527540786,550.4326898210321,41.5135176834208,130,0,164
AC-008,AC-008-engine-29,engine,6,0.2775209655225065,542.8031583702045,39.37307484206726,130,0,164
AC-008,AC-008-engine-29,engine,7,0.27312760554853444,543.3368274612317,40.606976102518175,130,0,164
AC-008,AC-008-engine-29,engine,8,0.30098721532746364,547.92878131517,39.59400111477071,130,0,164
AC-008,AC-008-engine-29,engine,9,0.2894104668205523,558.6659408718139,39.24040149045334,130,0,164
AC-008,AC-008-engine-29,engine,10,0.27523043328164154,554.4914815228867,39.75450017677116,130,0,164
AC-008,AC-008-engine-29,engine,11,0.34279993838075984,547.98755821293,40.80999369790075,130,0,164
AC-008,AC-008-engine-29,engine,12,0.324053226802349,548.1294897860454,39.214247584262296,130,0,164
AC-008,AC-008-engine-29,engine,13,0.31765488861980784,553.7384356454888,38.539122201490144,130,0,164
AC-008,AC-008-engine-29,engine,14,0.2807105853107884,538.3198577087519,40.537088222212,130,0,164
AC-008,AC-008-engine-29,engine,15,0.29852795643472707,550.3395118748975,38.24163145256584,130,0,164
AC-008,AC-008-engine-29,engine,16,0.2823211177210808,548.9189502319273,39.25152924815676,130,0,164
AC-008,AC-008-engine-29,engine,17,0.3071920130035114,554.3947908116243,42.183651831629035,130,0,164
AC-008,AC-008-engine-29,engine,18,0.30502053982769795,557.2333934463592,39.07365601540571,130,0,164
AC-008,AC-008-engine-29,engine,19,0.2725410052888331,550.0840264184421,38.29490172055526,130,0,164
AC-008,AC-008-engine-29,engine,20,0.30698590831661227,548.142643119277,37.926751813721324,130,0,164
AC-008,AC-008-engine-29,engine,21,0.34209892350018983,549.56670883483,38.23120877558049,130,0,164
AC-008,AC-008-engine-29,engine,22,0.3260612942277544,548.8312738149061,40.946204106266514,130,0,164
AC-008,AC-008-engine-29,engine,23,0.29418287178353597,549.9999099722435,40.18748489210643,130,0,164
AC-008,AC-008-engine-29,engine,24,0.3215015083755337,556.7870944749243,39.738932269955974,130,0,164
AC-008,AC-008-engine-29,engine,25,0.32102927970176387,556.9233207562114,40.01466788931045,130,0,164
AC-008,AC-008-engine-29,engine,26,0.3084570697394731,546.2294294825207,40.39810336558427,130,0,164
AC-008,AC-008-engine-29,engine,27,0.3130404549465351,551.6587760327141,41.060931146459,130,0,164
AC-008,AC-008-engine-29,engine,28,0.28456051948926486,562.2282125107923,39.744532194298316,130,0,164
AC-008,AC-008-engine-29,engine,29,0.3204212291262745,552.3242105695259,38.082778366477264,130,0,164
AC-008,AC-008-engine-29,engine,30,0.31226580322045244,556.2747804535597,40.40852764747339,130,0,164
AC-008,AC-008-engine-29,engine,31,0.31211793507940755,543.9502060587013,38.17249689456074,130,0,164
AC-008,AC-008-engine-29,engine,32,0.35817305160673524,549.7722992601996,41.12246885145753,130,0,164
AC-008,AC-008-engine-29,engine,33,0.2995384466912674,554.6549981134665,40.30129392289556,130,0,164
AC-008,AC-008-engine-29,engine,34,0.30293727704101786,563.8708763926561,39.731885407443784,130,0,164
AC-008,AC-008-engine-29,engine,35,0.32971262965651094,554.9245132942292,40.29435383847456,129,0,164
AC-008,AC-008-engine-29,engine,36,0.3532593765102632,555.9690908353818,41.34422796029118,128,0,164
AC-008,AC-008-engine-29,engine,37,0.3106729767532981,560.8191974781387,40.08191623987184,127,0,164
AC-008,AC-008-engine-29,engine,38,0.3027880848997137,558.4511871311581,39.5778596915684,126,0,164
AC-008,AC-008-engine-29,engine,39,0.30838417848517097,559.5657966742425,39.69388026591815,125,0,164
AC-008,AC-008-engine-29,engine,40,0.3253180409467766,557.836767621988,39.43408254298001,124,0,164
AC-008,AC-008-engine-29,engine,41,0.32077100757507343,559.2929204750749,38.85608578763622,123,0,164
AC-008,AC-008-engine-29,engine,42,0.3826498721613453,551.9714033741011,38.89057623686429,122,0,164
AC-008,AC-008-engine-29,engine,43,0.3208209847972179,569.6550808431872,38.129895094222384,121,0,164
AC-008,AC-008-landing_gear-30,landing_gear,1,0.15333974107173062,63.70927735616517,3060.781553254061,130,0,246
AC-008,AC-008-landing_gear-30,landing_gear,2,0.1455053038347393,60.58304382181134,2906.755239459218,130,0,246
AC-008,AC-008-landing_gear-30,landing_gear,3,0.1510243923100854,57.62026253149532,2990.591646102331,130,0,246
AC-008,AC-008-landing_gear-30,landing_gear,4,0.1332057697515951,61.2185827534747,2915.012929488521,130,0,246
AC-008,AC-008-landing_gear-30,landing_gear,5,0.15157579669254406,56.326679929240896,2957.270079910864,130,0,246
AC-008,AC-008-landing_gear-30,landing_gear,6,0.1616811699249162,61.77267709770517,3057.103226484955,130,0,246
AC-008,AC-008-landing_gear-30,landing_gear,7,0.16577945454928417,57.693629426865456,3074.4627611906535,130,0,246
AC-008,AC-008-landing_gear-30,landing_gear,8,0.13558289703725918,62.254164576904586,2974.698571339206,130,0,246
AC-008,AC-008-landing_gear-30,landing_gear,9,0.14099815859740217,61.86348693683302,3046.4444828616734,130,0,246
AC-008,AC-008-landing_gear-30,landing_gear,10,0.15952448636497824,60.66936649991857,3005.6063917370943,130,0,246
AC-008,AC-008-landing_gear-30,landing_gear,11,0.1557185468801995,60.94128429476494,3025.868109250764,130,0,246
AC-008,AC-008-landing_gear-30,landing_gear,12,0.15257539020896557,62.56404451337632,2917.211888078189,130,0,246
AC-008,AC-008-landing_gear-30,landing_gear,13,0.14931561147162276,55.890350266629014,3012.1595109536133,130,0,246
AC-008,AC-008-landing_gear-30,landing_gear,14,0.16714803465562203,58.6263278472981,3004.4193137893003,130,0,246
AC-008,AC-008-landing_gear-30,landing_gear,15,0.15840142277087016,53.852601579477344,2971.6636609017137,130,0,246
AC-008,AC-008-landing_gear-30,landing_gear,16,0.15459697098892125,51.37247011610769,2948.621403623071,130,0,246
AC-008,AC-008-landing_gear-30,landing_gear,17,0.16208308895451484,63.08062464939897,3015.8505534466335,130,0,246
AC-008,AC-008-landing_gear-30,landing_gear,18,0.16002661649461322,60.72562204294315,3024.557371784965,130,0,246
AC-008,AC-008-landing_gear-30,landing_gear,19,0.14818566993122503,60.43691851674169,2964.8022619601925,130,0,246
AC-008,AC-008-landing_gear-30,landing_gear,20,0.1641220434358743,64.66382556144335,3065.029746717384,130,0,246
AC-008,AC-008-landing_gear-30,landing_gear,21,0.1475585614016628,57.2479878164675,3059.476285654998,130,0,246
AC-008,AC-008-landing_gear-30,landing_gear,22,0.15723859611871602,61.10572129742439,2963.519664838604,130,0,246
AC-008,AC-008-landing_gear-30,landing_gear,23,0.1562234733435003,56.87528816882303,3026.4582238915978,130,0,246
AC-008,AC-008-landing_gear-30,landing_gear,24,0.16593044938749577,65.03590879115276,3029.715316328334,130,0,246
AC-008,AC-008-landing_gear-30,landing_gear,25,0.13850355011949372,60.74690810055173,3100.7873788943393,130,0,246
AC-008,AC-008-landing_gear-30,landing_gear,26,0.14382726898552362,59.990014273932445,3063.973857883525,130,0,246
AC-008,AC-008-landing_gear-30,landing_gear,27,0.15888177943489407,67.62116498773253,2956.128690267482,130,0,246
AC-008,AC-008-landing_gear-30,landing_gear,28,0.14301737373093204,63.86670508006154,2932.4329176841825,130,0,246
AC-008,AC-008-landing_gear-30,landing_gear,29,0.1511591791243172,60.01151763292077,3043.4611829693163,130,0,246
AC-008,AC-008-landing_gear-30,landing_gear,30,0.1594889021668676,61.59427624163826,2970.9551961406096,130,0,246
AC-008,AC-008-landing_gear-30,landing_gear,31,0.16572306220152733,72.31567359556232,3025.0360462509243,130,0,246
AC-008,AC-008-landing_gear-30,landing_gear,32,0.15480397966023932,56.36022825934158,2957.9732406414196,130,0,246
AC-008,AC-008-landing_gear-30,landing_gear,33,0.15191182686933125,58.66612789311889,2988.398963716846,130,0,246
AC-008,AC-008-landing_gear-30,landing_gear,34,0.17207819765088073,64.02803654429489,2980.5969324891,130,0,246
AC-008,AC-008-landing_gear-30,landing_gear,35,0.14247178116012307,64.31574163582601,2985.401738042181,130,0,246
AC-008,AC-008-landing_gear-30,landing_gear,36,0.13755355612470221,62.45852771419416,3038.4348398630714,130,0,246
AC-008,AC-008-landing_gear-30,landing_gear,37,0.13083089215529342,57.8656678205773,2980.904029555574,130,0,246
AC-008,AC-008-landing_gear-30,landing_gear,38,0.16271393719161084,58.810682118029135,2944.0760300252373,130,0,246
AC-008,AC-008-landing_gear-30,landing_gear,39,0.16292680849918234,58.972040613549495,3012.022423187756,130,0,246
AC-008,AC-008-landing_gear-30,landing_gear,40,0.14483368342645872,56.339590274037775,3021.899884608641,130,0,246
AC-008,AC-008-landing_gear-30,landing_gear,41,0.15877519910317214,63.18403386637529,2956.7036832872614,130,0,246
AC-008,AC-008-landing_gear-30,landing_gear,42,0.14860754304896814,64.51939640087377,2906.3624722702352,130,0,246
AC-008,AC-008-landing_gear-30,landing_gear,43,0.16938923528930772,64.41982266894725,3024.6721338533,130,0,246
AC-008,AC-008-landing_gear-30,landing_gear,44,0.15032002120110313,58.030301581237765,2970.302287693536,130,0,246
AC-008,AC-008-landing_gear-30,landing_gear,45,0.14457860382657,57.61685137673148,3012.1593796557618,130,0,246
AC-008,AC-008-landing_gear-30,landing_gear,46,0.1643608320107722,57.37576491163051,3012.8265211155885,130,0,246
AC-008,AC-008-landing_gear-30,landing_gear,47,0.1627561502495456,65.07719990987448,3006.5551762476493,130,0,246
AC-008,AC-008-landing_gear-30,landing_gear,48,0.16915214010307847,62.00232141050628,3026.1529099762333,130,0,246
AC-008,AC-008-landing_gear-30,landing_gear,49,0.14605580642361435,60.229898494620066,2974.245586950511,130,0,246
AC-008,AC-008-landing_gear-30,landing_gear,50,0.15685756299346693,61.95133072180483,3006.9321494906017,130,0,246
AC-008,AC-008-landing_gear-30,landing_gear,51,0.16359315375702915,60.11387388875716,2937.4252747108967,130,0,246
AC-008,AC-008-landing_gear-30,landing_gear,52,0.1710254003013482,61.7194344204939,2922.2598682539337,130,0,246
AC-008,AC-008-landing_gear-30,landing_gear,53,0.15850705676672805,55.466363112426194,2973.9180448954407,130,0,246
AC-008,AC-008-landing_gear-30,landing_gear,54,0.158857961430647,58.99938320604285,3050.318647205822,130,0,246
AC-008,AC-008-landing_gear-30,landing_gear,55,0.14968548438459076,62.86898056038113,3079.3433398332286,130,0,246
AC-008,AC-008-landing_gear-30,landing_gear,56,0.17243240539052798,60.68269874393077,2912.2039644198703,130,0,246
AC-008,AC-008-landing_gear-30,landing_gear,57,0.148459241410836,59.57066912690614,2933.4369948331564,130,0,246
AC-008,AC-008-landing_gear-30,landing_gear,58,0.15531196696038893,59.85488870358429,2961.534482555795,130,0,246
AC-008,AC-008-landing_gear-30,landing_gear,59,0.1677945644496832,57.149441006494726,2931.3746235980666,130,0,246
AC-008,AC-008-landing_gear-30,landing_gear,60,0.16178816911823563,60.30587041616089,3056.1281455134435,130,0,246
AC-008,AC-008-landing_gear-30,landing_gear,61,0.16615723689689949,56.08154862876579,2984.016345493576,130,0,246
AC-008,AC-008-landing_gear-30,landing_gear,62,0.1697487252702714,60.577421784787894,2901.217931498655,130,0,246
AC-008,AC-008-landing_gear-30,landing_gear,63,0.18233738811910727,57.77413767032107,2993.687033878203,130,0,246
AC-008,AC-008-landing_gear-30,landing_gear,64,0.16722953562972323,62.81770033636157,3044.7321486374763,130,0,246
AC-008,AC-008-landing_gear-30,landing_gear,65,0.17132504428357573,59.371251023013755,3013.409865590624,130,0,246
AC-008,AC-008-landing_gear-30,landing_gear,66,0.15988472233477594,61.57038848986694,2892.157241371965,130,0,246
AC-008,AC-008-landing_gear-30,landing_gear,67,0.15635740188487163,61.26684095519117,2973.897097673739,130,0,246
AC-008,AC-008-landing_gear-30,landing_gear,68,0.1501682413043211,62.63800527275075,2913.1828244201347,130,0,246
AC-008,AC-008-landing_gear-30,landing_gear,69,0.1804983971109056,60.12420784380607,2896.614841311317,130,0,246
AC-008,AC-008-landing_gear-30,landing_gear,70,0.16897636800671922,58.46584982523894,3014.8650639326515,130,0,246
AC-008,AC-008-landing_gear-30,landing_gear,71,0.16874786602536074,60.794474394055456,2979.609880413138,130,0,246
AC-008,AC-008-landing_gear-30,landing_gear,72,0.15922476713090009,57.41748846887466,2969.0196015776737,130,0,246
AC-008,AC-008-landing_gear-30,landing_gear,73,0.15881664806565848,58.0208598818014,2989.0021878390535,130,0,246
AC-008,AC-008-landing_gear-30,landing_gear,74,0.17561054591839978,57.59583836054529,2914.750118336772,130,0,246
AC-008,AC-008-landing_gear-30,landing_gear,75,0.16187657498188124,66.7232172635447,2989.530146601612,130,0,246
AC-008,AC-008-landing_gear-30,landing_gear,76,0.167266863854046,63.16027155563706,2874.923191199195,130,0,246
AC-008,AC-008-landing_gear-30,landing_gear,77,0.16531770862492837,61.78420114028055,2963.8270837591,130,0,246
AC-008,AC-008-landing_gear-30,landing_gear,78,0.1716458727543837,62.25207146611055,2943.5955856389414,130,0,246
AC-008,AC-008-landing_gear-30,landing_gear,79,0.17156841991196006,60.658509485572864,2916.808905880289,130,0,246
AC-008,AC-008-landing_gear-30,landing_gear,80,0.17611473499110442,62.81880409458627,2946.4636652864256,130,0,246
AC-008,AC-008-landing_gear-30,landing_gear,81,0.16260799142741356,58.62948057506538,2954.893525157606,130,0,246
AC-008,AC-008-landing_gear-30,landing_gear,82,0.18971673300670877,62.12391305134293,2912.749912709484,130,0,246
AC-008,AC-008-landing_gear-30,landing_gear,83,0.17785687867697386,58.29710067396279,2997.1445601667,130,0,246
AC-008,AC-008-landing_gear-30,landing_gear,84,0.17810032574014276,59.740587313372515,2921.70186857519,130,0,246
AC-008,AC-008-landing_gear-30,landing_gear,85,0.17159236819691293,65.72585863162044,2918.2540474808493,130,0,246
AC-008,AC-008-landing_gear-30,landing_gear,86,0.17905217025116188,63.55441355595427,2889.632302371757,130,0,246
AC-008,AC-008-landing_gear-30,landing_gear,87,0.18007882577378462,62.69942211567817,2847.2514426491475,130,0,246
AC-008,AC-008-landing_gear-30,landing_gear,88,0.18131935037260655,61.78220617082595,2929.718619979585,130,0,246
AC-008,AC-008-landing_gear-30,landing_gear,89,0.17980677304210377,62.74087467933012,2988.332558864613,130,0,246
AC-008,AC-008-landing_gear-30,landing_gear,90,0.1683209282586849,60.9812764854678,2953.021591769379,130,0,246
AC-008,AC-008-landing_gear-30,landing_gear,91,0.18559822357912323,63.430814320149196,3055.574954378749,130,0,246
AC-008,AC-008-landing_gear-30,landing_gear,92,0.18761071871528961,65.49077095370657,2900.7280944597146,130,0,246
AC-008,AC-008-landing_gear-30,landing_gear,93,0.1722280743573984,61.20086091872384,2949.8454803101804,130,0,246
AC-008,AC-008-landing_gear-30,landing_gear,94,0.18692074731688188,63.39991869636932,2901.6761972772365,130,0,246
AC-008,AC-008-landing_gear-30,landing_gear,95,0.17981714930264953,61.69743996650545,2946.743304532849,130,0,246
AC-008,AC-008-landing_gear-30,landing_gear,96,0.19267259254464292,59.2656296018489,2946.742945937069,130,0,246
AC-008,AC-008-landing_gear-30,landing_gear,97,0.1784756847775061,63.73895809452772,2897.113987316693,130,0,246
AC-008,AC-008-landing_gear-30,landing_gear,98,0.20136579744955818,61.12630357686779,2913.70949349229,130,0,246
AC-008,AC-008-landing_gear-30,landing_gear,99,0.1925062944548328,59.80748097491392,2899.18284621735,130,0,246
AC-008,AC-008-landing_gear-30,landing_gear,100,0.18451440100504762,60.93724287320068,2878.8665169890937,130,0,246
AC-008,AC-008-landing_gear-30,landing_gear,101,0.19904771885465766,60.732852653938316,2927.1801998048077,130,0,246
AC-008,AC-008-landing_gear-30,landing_gear,102,0.19182828196558213,58.38788178235918,2922.8055867339335,130,0,246
AC-008,AC-008-landing_gear-30,landing_gear,103,0.17530939496964495,64.51391062231028,2869.455012330866,130,0,246
AC-008,AC-008-landing_gear-30,landing_gear,104,0.1902978307717079,58.798104033730546,2898.8813608758583,130,0,246
AC-008,AC-008-landing_gear-30,landing_gear,105,0.2002607296407413,60.31185208000114,2860.3317111300394,130,0,246
AC-008,AC-008-landing_gear-30,landing_gear,106,0.19632193896857197,64.22390355313397,2766.889091791849,130,0,246
AC-008,AC-008-landing_gear-30,landing_gear,107,0.21272173169255704,64.42350498762696,2921.33215164337,130,0,246
AC-008,AC-008-landing_gear-30,landing_gear,108,0.19193163895991167,57.32507570277872,2918.0906539250936,130,0,246
AC-008,AC-008-landing_gear-30,landing_gear,109,0.1885219745659957,64.57671873910365,2871.2630002247183,130,0,246
AC-008,AC-008-landing_gear-30,landing_gear,110,0.19736849611121138,60.67421767710877,2923.2511742804863,130,0,246
AC-008,AC-008-landing_gear-30,landing_gear,111,0.18392599544718413,69.79069399880163,2989.7380028379885,130,0,246
AC-008,AC-008-landing_gear-30,landing_gear,112,0.21296590126810946,66.93569731821982,2871.4021676524662,130,0,246
AC-008,AC-008-landing_gear-30,landing_gear,113,0.20914092809257026,62.87650124084483,2795.722893460806,130,0,246
AC-008,AC-008-landing_gear-30,landing_gear,114,0.21335146684702908,66.60777023588233,2869.5811707326357,130,0,246
AC-008,AC-008-landing_gear-30,landing_gear,115,0.186919037855005,61.51945666548418,2777.8203729467805,130,0,246
AC-008,AC-008-landing_gear-30,landing_gear,116,0.20948055272606078,58.52538937939953,2880.928892307651,130,0,246
AC-008,AC-008-landing_gear-30,landing_gear,117,0.19245911054361892,59.112959266429286,2876.1949706068194,129,0,246
AC-008,AC-008-landing_gear-30,landing_gear,118,0.19843178603980058,65.96588597580416,2798.5669901824426,128,0,246
AC-008,AC-008-landing_gear-30,landing_gear,119,0.19507780535965796,56.34713682882041,2750.3801277118805,127,0,246
AC-008,AC-008-landing_gear-30,landing_gear,120,0.2215214838856269,69.8200987180218,2861.864150832286,126,0,246
AC-008,AC-008-landing_gear-30,landing_gear,121,0.19619731614819244,62.733693477346854,2898.517099971631,125,0,246
AC-008,AC-008-landing_gear-30,landing_gear,122,0.20019519368042318,64.4021738597013,2851.791307132888,124,0,246
AC-008,AC-008-landing_gear-30,landing_gear,123,0.2005618732991714,62.17142176202439,2864.6660435842755,123,0,246
AC-008,AC-008-landing_gear-30,landing_gear,124,0.19739947080745215,65.16641151495898,2823.9721128940037,122,0,246
AC-008,AC-008-landing_gear-30,landing_gear,125,0.20936781343910574,68.02483039134724,2836.67269002499,121,0,246
AC-008,AC-008-landing_gear-30,landing_gear,126,0.21822540806581048,58.55905907660788,2819.0755435475953,120,0,246
AC-008,AC-008-landing_gear-30,landing_gear,127,0.21024491119588862,69.76786036996124,2742.087662543331,119,0,246
AC-008,AC-008-landing_gear-30,landing_gear,128,0.20995402273740776,68.43114130983781,2798.305989453095,118,0,246
AC-008,AC-008-landing_gear-30,landing_gear,129,0.20974326567325668,65.11999387366751,2844.2343509461034,117,0,246
AC-008,AC-008-landing_gear-30,landing_gear,130,0.22849232700320565,65.53439624679713,2898.8296521126135,116,0,246
AC-008,AC-008-landing_gear-30,landing_gear,131,0.21020494319668076,62.03209221756777,2818.5671022962715,115,0,246
AC-008,AC-008-landing_gear-30,landing_gear,132,0.20319183640719252,65.76939291135486,2807.951781453255,114,0,246
AC-008,AC-008-landing_gear-30,landing_gear,133,0.20905025496215268,65.88051815965817,2767.4324938694795,113,0,246
AC-008,AC-008-landing_gear-30,landing_gear,134,0.2244658787715145,63.01571161005635,2879.925871183492,112,0,246
AC-008,AC-008-landing_gear-30,landing_gear,135,0.2138336295716603,66.41312935660417,2828.2821044114294,111,0,246
AC-008,AC-008-landing_gear-30,landing_gear,136,0.2262076088620705,64.91441335143793,2733.4472223830358,110,0,246
AC-008,AC-008-landing_gear-30,landing_gear,137,0.22987154633828685,64.38919196235065,2853.3861746787657,109,0,246
AC-008,AC-008-landing_gear-30,landing_gear,138,0.2277085325854643,62.400515078084354,2765.4440488964997,108,0,246
AC-008,AC-008-landing_gear-30,landing_gear,139,0.2283895117521462,63.87931696094553,2855.2589020062414,107,0,246
AC-008,AC-008-landing_gear-30,landing_gear,140,0.2210912802798766,67.92844864624533,2826.836451654437,106,0,246
AC-008,AC-008-landing_gear-30,landing_gear,141,0.22679780466646923,63.80583671906769,2814.506568091535,105,0,246
AC-008,AC-008-landing_gear-30,landing_gear,142,0.23689878294964606,64.8353706773513,2826.6380400505423,104,0,246
AC-008,AC-008-landing_gear-30,landing_gear,143,0.2264934936833775,65.44247165629496,2883.424156724567,103,0,246
AC-008,AC-008-landing_gear-30,landing_gear,144,0.23911426640200764,65.37800918502796,2805.1307948191698,102,0,246
AC-008,AC-008-landing_gear-30,landing_gear,145,0.2211527702768044,64.69251704869275,2807.0126218779264,101,0,246
AC-008,AC-008-landing_gear-30,landing_gear,146,0.23775955647867758,67.53122406293184,2733.194592316811,100,0,246
AC-008,AC-008-landing_gear-30,landing_gear,147,0.2401126292104151,65.08986575544259,2736.402960473113,99,0,246
AC-008,AC-008-landing_gear-30,landing_gear,148,0.24480346664856076,69.81914494182996,2796.015031052389,98,0,246
AC-008,AC-008-landing_gear-30,landing_gear,149,0.23963180871387688,67.80527247255493,2849.671613787747,97,0,246
AC-008,AC-008-landing_gear-30,landing_gear,150,0.240936247419695,61.59397264537614,2877.408888340882,96,0,246
AC-008,AC-008-landing_gear-30,landing_gear,151,0.24543125658070167,64.12307322990846,2722.4529125530594,95,0,246
AC-008,AC-008-landing_gear-30,landing_gear,152,0.24094938356043583,64.89196983532361,2787.4297696828944,94,0,246
AC-008,AC-008-landing_gear-30,landing_gear,153,0.24446931528964164,64.10302412780021,2712.1006086941593,93,0,246
AC-008,AC-008-landing_gear-30,landing_gear,154,0.24203486522601303,64.27828180398862,2772.1669744938376,92,0,246
AC-008,AC-008-landing_gear-30,landing_gear,155,0.22589228589807517,65.19848851108928,2797.5461271714726,91,0,246
AC-008,AC-008-landing_gear-30,landing_gear,156,0.24654118111454054,63.6670498232517,2700.3018320992373,90,0,246
AC-008,AC-008-landing_gear-30,landing_gear,157,0.24180323475593551,67.79280491495273,2775.870496053847,89,0,246
AC-008,AC-008-landing_gear-30,landing_gear,158,0.2376951772851198,67.08125837604202,2827.606371620512,88,0,246
AC-008,AC-008-landing_gear-30,landing_gear,159,0.24604683652210874,61.3669155024787,2759.5056445076493,87,0,246
AC-008,AC-008-landing_gear-30,landing_gear,160,0.2656210093314003,62.48325686860483,2747.6690607733867,86,0,246
AC-008,AC-008-landing_gear-30,landing_gear,161,0.24411157130917893,66.71264392045855,2752.7128059523548,85,0,246
AC-008,AC-008-landing_gear-30,landing_gear,162,0.25897556757032586,66.75940637318222,2803.6607173014113,84,0,246
AC-008,AC-008-landing_gear-30,landing_gear,163,0.24760764924199832,65.53520340006698,2703.1163019684345,83,0,246
AC-008,AC-008-landing_gear-30,landing_gear,164,0.23182912970879846,67.49401090244419,2836.0333477569257,82,0,246
AC-008,AC-008-landing_gear-30,landing_gear,165,0.2558055849929657,68.80845741049218,2709.419819828992,81,0,246
AC-008,AC-008-landing_gear-30,landing_gear,166,0.2500105625774477,69.78418423101208,2827.224291373999,80,0,246
AC-008,AC-008-landing_gear-30,landing_gear,167,0.26857147816820015,69.3285338098662,2725.2455321422403,79,0,246
AC-008,AC-008-landing_gear-30,landing_gear,168,0.2570347263229231,64.73531385373188,2647.7581914542006,78,0,246
AC-008,AC-008-landing_gear-30,landing_gear,169,0.24492252802263856,67.22876754358167,2702.2256893280314,77,0,246
AC-008,AC-008-landing_gear-30,landing_gear,170,0.24275650502299947,67.05142466753054,2697.5426915895127,76,0,246
AC-008,AC-008-landing_gear-30,landing_gear,171,0.24699028003728407,66.1373808741481,2694.0356337238495,75,0,246
AC-008,AC-008-landing_gear-30,landing_gear,172,0.25382767976077913,70.11294723832941,2611.537452135271,74,0,246
AC-008,AC-008-landing_gear-30,landing_gear,173,0.24141877987278318,67.42830867200679,2708.0683067232344,73,0,246
AC-008,AC-008-landing_gear-30,landing_gear,174,0.26660907580992205,65.88754110514488,2653.925344546097,72,0,246
AC-008,AC-008-landing_gear-30,landing_gear,175,0.26379135384259245,66.26623327192547,2773.914863114006,71,0,246
AC-008,AC-008-landing_gear-30,landing_gear,176,0.26192726944006994,67.51841400747023,2816.652128475039,70,0,246
AC-008,AC-008-landing_gear-30,landing_gear,177,0.2645344024917651,69.4339375795354,2721.6967923117923,69,0,246
AC-008,AC-008-landing_gear-30,landing_gear,178,0.2751159200659746,68.72192203815325,2695.5536300437457,68,0,246
AC-008,AC-008-landing_gear-30,landing_gear,179,0.2701325814468542,66.21396752986422,2698.597970679342,67,0,246
AC-008,AC-008-landing_gear-30,landing_gear,180,0.2907504678923899,71.66297969476693,2693.958542396181,66,0,246
AC-008,AC-008-landing_gear-30,landing_gear,181,0.28036451451883504,65.51288670965971,2662.157814855947,65,0,246
AC-008,AC-008-landing_gear-30,landing_gear,182,0.2826343580492171,72.67189222086634,2633.04106577556,64,0,246
AC-008,AC-008-landing_gear-30,landing_gear,183,0.2696770556327167,74.84498996343216,2672.778559216587,63,0,246
AC-008,AC-008-landing_gear-30,landing_gear,184,0.294111073623494,69.01240221159338,2676.635803725631,62,0,246
AC-008,AC-008-landing_gear-30,landing_gear,185,0.2741944962394034,71.31095909893085,2728.5571305391936,61,0,246
AC-008,AC-008-landing_gear-30,landing_gear,186,0.2682787700840762,67.51790116903767,2702.7438131907516,60,0,246
AC-008,AC-008-landing_gear-30,landing_gear,187,0.2787201293270942,67.18755130806288,2703.76879914697,59,0,246
AC-008,AC-008-landing_gear-30,landing_gear,188,0.29244440712148567,67.41173206627428,2660.191992867769,58,0,246
AC-008,AC-008-landing_gear-30,landing_gear,189,0.27072682253471136,66.16766196814748,2652.044073623326,57,0,246
AC-008,AC-008-brakes-31,brakes,1,0.18403031340474826,123.64107675071385,1440.9648451451612,130,0,224
AC-008,AC-008-brakes-31,brakes,2,0.1848502573729236,105.09885919897408,1512.5467022994128,130,0,224
AC-008,AC-008-brakes-31,brakes,3,0.1730128073359142,120.25921464695779,1549.131909885688,130,0,224
AC-008,AC-008-brakes-31,brakes,4,0.22519717298436967,105.56230577310005,1508.8566247836227,130,0,224
AC-008,AC-008-brakes-31,brakes,5,0.185314904406334,110.46985909952201,1496.446427516257,130,0,224
AC-008,AC-008-brakes-31,brakes,6,0.21863960970093568,124.81879522845674,1478.3305297985748,130,0,224
AC-008,AC-008-brakes-31,brakes,7,0.21086847871115005,102.07963021994657,1477.1186572970028,130,0,224
AC-008,AC-008-brakes-31,brakes,8,0.18802427989070572,120.6648308400339,1493.5325080289754,130,0,224
AC-008,AC-008-brakes-31,brakes,9,0.198362228876314,118.65067328721211,1500.1879219490604,130,0,224
AC-008,AC-008-brakes-31,brakes,10,0.20869985991253664,121.25443774963539,1490.8715500936999,130,0,224
AC-008,AC-008-brakes-31,brakes,11,0.20674967764094931,126.68133369360987,1482.5957698344434,130,0,224
AC-008,AC-008-brakes-31,brakes,12,0.19996992842766498,129.3813494431482,1466.0562102942242,130,0,224
AC-008,AC-008-brakes-31,brakes,13,0.22808097618363507,109.387804526063,1488.628618424062,130,0,224
AC-008,AC-008-brakes-31,brakes,14,0.1869190250468598,137.620603474955,1483.7276241345855,130,0,224
AC-008,AC-008-brakes-31,brakes,15,0.19383264732043937,117.16853654731737,1501.5228195684513,130,0,224
AC-008,AC-008-brakes-31,brakes,16,0.1966039855613303,119.08996678751059,1392.5930891643898,130,0,224
AC-008,AC-008-brakes-31,brakes,17,0.20258531526961926,120.31524474485235,1529.42914619278,130,0,224
AC-008,AC-008-brakes-31,brakes,18,0.22157309534664002,118.69205362111052,1522.5496913277698,130,0,224
AC-008,AC-008-brakes-31,brakes,19,0.1856348707167973,126.35457898391577,1480.6673236024933,130,0,224
AC-008,AC-008-brakes-31,brakes,20,0.18462111961070227,118.7544487376329,1539.6225917832803,130,0,224
AC-008,AC-008-brakes-31,brakes,21,0.2053518018009627,132.23557705642705,1474.9012998355258,130,0,224
AC-008,AC-008-brakes-31,brakes,22,0.21861158034373007,115.07210107965545,1503.866046369166,130,0,224
AC-008,AC-008-brakes-31,brakes,23,0.2064131091390749,125.60822054231176,1504.3593518881562,130,0,224
AC-008,AC-008-brakes-31,brakes,24,0.19235610948369317,127.38684337184256,1548.5058202787413,130,0,224
AC-008,AC-008-brakes-31,brakes,25,0.19497979496717865,105.69182801854178,1511.2427407495932,130,0,224
AC-008,AC-008-brakes-31,brakes,26,0.19907406704840144,119.355354448276,1512.6435597127468,130,0,224
AC-008,AC-008-brakes-31,brakes,27,0.19751277107812623,118.28504998180165,1492.6377569663923,130,0,224
AC-008,AC-008-brakes-31,brakes,28,0.22673380906977525,120.70930683290865,1458.2422925755511,130,0,224
AC-008,AC-008-brakes-31,brakes,29,0.18709012316553636,121.6166694115421,1461.0888595966176,130,0,224
AC-008,AC-008-brakes-31,brakes,30,0.181946506369607,125.62239379481903,1515.15389341259,130,0,224
AC-008,AC-008-brakes-31,brakes,31,0.2002237268640412,122.92385181645857,1499.897874453416,130,0,224
AC-008,AC-008-brakes-31,brakes,32,0.2151587397691281,125.45024412947758,1415.7038933945914,130,0,224
AC-008,AC-008-brakes-31,brakes,33,0.20290359661766208,124.79434160491485,1481.1752212739316,130,0,224
AC-008,AC-008-brakes-31,brakes,34,0.20745471050726474,126.69676694526134,1495.5160860791975,130,0,224
AC-008,AC-008-brakes-31,brakes,35,0.22994301000852302,129.74831189324897,1489.118856660857,130,0,224
AC-008,AC-008-brakes-31,brakes,36,0.20477803192892424,97.97227960736868,1482.4562096034883,130,0,224
AC-008,AC-008-brakes-31,brakes,37,0.18788615474709722,122.5883551497805,1496.4009331958448,130,0,224
AC-008,AC-008-brakes-31,brakes,38,0.21907144603427922,132.0367247449733,1490.5783074159633,130,0,224
AC-008,AC-008-brakes-31,brakes,39,0.24330023383701121,122.76901047757556,1451.5995190303377,130,0,224
AC-008,AC-008-brakes-31,brakes,40,0.20113524840396044,117.97465905059865,1508.197488003989,130,0,224
AC-008,AC-008-brakes-31,brakes,41,0.195841873307785,118.62125511864728,1485.1181697648929,130,0,224
AC-008,AC-008-brakes-31,brakes,42,0.20382506288516686,127.54601055343775,1508.6927666539607,130,0,224
AC-008,AC-008-brakes-31,brakes,43,0.22855359312349818,118.45730716080428,1525.0207409324983,130,0,224
AC-008,AC-008-brakes-31,brakes,44,0.19111529881238515,110.05045110228522,1452.010694315223,130,0,224
AC-008,AC-008-brakes-31,brakes,45,0.21224555740478748,130.82976313415267,1469.828355565505,130,0,224
AC-008,AC-008-brakes-31,brakes,46,0.20550106576226815,119.53700304119876,1504.533376864895,130,0,224
AC-008,AC-008-brakes-31,brakes,47,0.20604313001600794,117.05341529330065,1446.4306325329428,130,0,224
AC-008,AC-008-brakes-31,brakes,48,0.20519969353642484,130.79724504389083,1488.9522700502725,130,0,224
AC-008,AC-008-brakes-31,brakes,49,0.20325765109628127,131.3246986568315,1468.0881261881943,130,0,224
AC-008,AC-008-brakes-31,brakes,50,0.23624671889631862,132.72359434360897,1486.7329635871583,130,0,224
AC-008,AC-008-brakes-31,brakes,51,0.19307301665575122,139.8711308793987,1496.0670221216099,130,0,224
AC-008,AC-008-brakes-31,brakes,52,0.21130878646592585,129.2657325018739,1504.9019917739058,130,0,224
AC-008,AC-008-brakes-31,brakes,53,0.23645895726360275,116.38070589209144,1492.7593203679257,130,0,224
AC-008,AC-008-brakes-31,brakes,54,0.1996465766483668,127.07413817613396,1481.8770088091437,130,0,224
AC-008,AC-008-brakes-31,brakes,55,0.22230147492924096,120.6378358189701,1474.3839992854105,130,0,224
AC-008,AC-008-brakes-31,brakes,56,0.20572653238977928,128.19844171747386,1525.9411211022432,130,0,224
AC-008,AC-008-brakes-31,brakes,57,0.2110755964275732,126.37088622089121,1493.5398869285827,130,0,224
AC-008,AC-008-brakes-31,brakes,58,0.22023466870084513,109.79855428614349,1440.83887793607,130,0,224
AC-008,AC-008-brakes-31,brakes,59,0.20909800989088972,104.96923612724088,1521.428182739005,130,0,224
AC-008,AC-008-brakes-31,brakes,60,0.22703978313157325,121.91273508219479,1412.7686907280874,130,0,224
AC-008,AC-008-brakes-31,brakes,61,0.1948896253124491,122.20603770827985,1536.867010826764,130,0,224
AC-008,AC-008-brakes-31,brakes,62,0.21250343655169973,129.2086940642791,1462.6198282799553,130,0,224
AC-008,AC-008-brakes-31,brakes,63,0.224559057639333,132.09051766614346,1465.8909823450037,130,0,224
AC-008,AC-008-brakes-31,brakes,64,0.21413822229758533,133.79354402483483,1476.8769387150405,130,0,224
AC-008,AC-008-brakes-31,brakes,65,0.24162915735369042,117.0441169524123,1516.9391452739312,130,0,224
AC-008,AC-008-brakes-31,brakes,66,0.230148733097611,126.08273340767646,1477.9045553632834,130,0,224
AC-008,AC-008-brakes-31,brakes,67,0.21925740014250147,122.67049000328512,1459.88276798787,130,0,224
AC-008,AC-008-brakes-31,brakes,68,0.2420398746131412,121.14021103079764,1427.4580994927137,130,0,224
AC-008,AC-008-brakes-31,brakes,69,0.2032744443578138,109.0328348197019,1490.0733223439652,130,0,224
AC-008,AC-008-brakes-31,brakes,70,0.21202431032939834,125.33037370670853,1474.8003605247425,130,0,224
AC-008,AC-008-brakes-31,brakes,71,0.22916927860186356,126.52123237960998,1474.6091985872056,130,0,224
AC-008,AC-008-brakes-31,brakes,72,0.19034895181746944,120.51048786913046,1481.7581960627192,130,0,224
AC-008,AC-008-brakes-31,brakes,73,0.25646608846234537,136.67784556276203,1427.2436382914218,130,0,224
AC-008,AC-008-brakes-31,brakes,74,0.22749487306132882,110.74515674543807,1512.855799702282,130,0,224
AC-008,AC-008-brakes-31,brakes,75,0.24882445983141196,126.16786476582377,1471.3512291286227,130,0,224
AC-008,AC-008-brakes-31,brakes,76,0.25524390528075236,133.14404543563214,1500.2069021241734,130,0,224
AC-008,AC-008-brakes-31,brakes,77,0.2422994166467339,120.7510954788867,1487.5645262105268,130,0,224
AC-008,AC-008-brakes-31,brakes,78,0.24861658521147978,122.11249590652962,1453.0865758023197,130,0,224
AC-008,AC-008-brakes-31,brakes,79,0.25431435146684256,137.0443941125038,1440.2034741490877,130,0,224
AC-008,AC-008-brakes-31,brakes,80,0.2343146559907294,126.63399522388248,1476.3326638100093,130,0,224
AC-008,AC-008-brakes-31,brakes,81,0.23139242234097243,138.99095681571154,1473.4349402367634,130,0,224
AC-008,AC-008-brakes-31,brakes,82,0.24817323837195626,138.09132137658383,1446.3256639977644,130,0,224
AC-008,AC-008-brakes-31,brakes,83,0.2398625365217332,114.0923236346637,1453.6404711640255,130,0,224
AC-008,AC-008-brakes-31,brakes,84,0.21985358714096956,130.20154483354537,1470.4124025020997,130,0,224
AC-008,AC-008-brakes-31,brakes,85,0.23904190363421784,123.51640466143681,1479.6460492158737,130,0,224
AC-008,AC-008-brakes-31,brakes,86,0.22718340308440665,126.0553773783957,1476.764949806007,130,0,224
AC-008,AC-008-brakes-31,brakes,87,0.21852059228276893,130.00497439000392,1404.5234226582754,130,0,224
AC-008,AC-008-brakes-31,brakes,88,0.24453710315039026,115.32297320805452,1496.6363769705372,130,0,224
AC-008,AC-008-brakes-31,brakes,89,0.8300024794683272,111.53441039233816,1456.6412689672773,130,1,224
AC-008,AC-008-brakes-31,brakes,90,0.24222398336091217,112.80611097681098,1467.3449279134209,130,0,224
AC-008,AC-008-brakes-31,brakes,91,0.21963923281325481,116.661244094335,1433.2317331373765,130,0,224
AC-008,AC-008-brakes-31,brakes,92,0.26263920322926587,135.4243336707991,1482.4776000728884,130,0,224
AC-008,AC-008-brakes-31,brakes,93,0.24941286699510737,105.75273142684283,1460.013616784516,130,0,224
AC-008,AC-008-brakes-31,brakes,94,0.2748886443536753,135.15332708903915,1461.0584320270057,130,0,224
AC-008,AC-008-brakes-31,brakes,95,0.2361175191216579,121.19355002964615,1504.0543713756356,129,0,224
AC-008,AC-008-brakes-31,brakes,96,0.23385109779636454,116.32747425642957,1473.174505718632,128,0,224
AC-008,AC-008-brakes-31,brakes,97,0.24978859028199873,116.17155691777118,1489.5831564076088,127,0,224
AC-008,AC-008-brakes-31,brakes,98,0.2643377146721771,122.68777818498258,1408.2048799230145,126,0,224
AC-008,AC-008-brakes-31,brakes,99,0.2893108274119807,125.6643583454353,1483.320112920003,125,0,224
AC-008,AC-008-brakes-31,brakes,100,0.27319404398546815,121.81174158832678,1424.82222573398,124,0,224
AC-008,AC-008-brakes-31,brakes,101,0.2826860340557435,137.7992697196333,1382.7012101296432,123,0,224
AC-008,AC-008-brakes-31,brakes,102,0.270451742180039,125.25078538874166,1406.7952668465389,122,0,224
AC-008,AC-008-brakes-31,brakes,103,0.26735691527279876,115.54629805731292,1422.5756155085762,121,0,224
AC-008,AC-008-brakes-31,brakes,104,0.2526912613553893,122.4685066214459,1433.1872778432014,120,0,224
AC-008,AC-008-brakes-31,brakes,105,0.2506844688214177,139.17722910598638,1448.8805282518238,119,0,224
AC-008,AC-008-brakes-31,brakes,106,0.29409797348695527,125.4373130534983,1416.3567730698621,118,0,224
AC-008,AC-008-brakes-31,brakes,107,0.2948292794980077,122.22082660906933,1426.198194059714,117,0,224
AC-008,AC-008-brakes-31,brakes,108,0.280539231565623,117.07204557443809,1451.6003201356461,116,0,224
AC-008,AC-008-brakes-31,brakes,109,0.2797861594363466,137.2581978886904,1455.6653816464266,115,0,224
AC-008,AC-008-brakes-31,brakes,110,0.29184501968091864,126.35115923470823,1401.774546051033,114,0,224
AC-008,AC-008-brakes-31,brakes,111,0.30531647445104637,115.15310439980385,1383.53791439399,113,0,224
AC-008,AC-008-brakes-31,brakes,112,0.28347692060763247,140.49988838541879,1430.686525377425,112,0,224
AC-008,AC-008-brakes-31,brakes,113,0.29133482016390044,111.66810464706106,1408.6683864661986,111,0,224
AC-008,AC-008-brakes-31,brakes,114,0.2495932701377491,134.01353639031908,1375.8805729574317,110,0,224
AC-008,AC-008-brakes-31,brakes,115,0.2599043850391021,132.0193684126504,1452.78306283094,109,0,224
AC-008,AC-008-brakes-31,brakes,116,0.2780682844990107,132.60666064511298,1435.680838883744,108,0,224
AC-008,AC-008-brakes-31,brakes,117,0.2786144995318323,119.42694637925693,1435.10083978307,107,0,224
AC-008,AC-008-bogie-32,bogie,1,0.2266458138403814,82.76220395800834,199.98450257265333,130,0,154
AC-008,AC-008-bogie-32,bogie,2,0.24040849955340496,78.82482990135165,193.0906817158432,130,0,154
AC-008,AC-008-bogie-32,bogie,3,0.26791918456680014,74.33513087846454,190.0499610263666,130,0,154
AC-008,AC-008-bogie-32,bogie,4,0.24367753606605339,86.46849639346199,210.5158194899165,130,0,154
AC-008,AC-008-bogie-32,bogie,5,0.21757848668425434,85.42647116830055,213.45203654325564,130,0,154
AC-008,AC-008-bogie-32,bogie,6,0.22708906943839346,69.9445261687527,199.21706527425061,130,0,154
AC-008,AC-008-bogie-32,bogie,7,0.27322328157442616,86.40637019325038,191.20908272828834,130,0,154
AC-008,AC-008-bogie-32,bogie,8,0.2860515571312084,71.14224241875715,196.2115498576592,130,0,154
AC-008,AC-008-bogie-32,bogie,9,0.24293656752308934,84.67765641475877,212.8464080292747,130,0,154
AC-008,AC-008-bogie-32,bogie,10,0.2706656841054633,74.68213105817884,208.4575278116644,130,0,154
AC-008,AC-008-bogie-32,bogie,11,0.26209410467799227,73.41710327520818,179.12578007933007,130,0,154
AC-008,AC-008-bogie-32,bogie,12,0.27303672963580095,79.40103980063691,186.9053050663435,130,0,154
AC-008,AC-008-bogie-32,bogie,13,0.2485088080104089,81.5986841422973,198.88644909763556,130,0,154
AC-008,AC-008-bogie-32,bogie,14,0.2220594504911973,87.70751687045478,209.71160117748224,130,0,154
AC-008,AC-008-bogie-32,bogie,15,0.24685017570932036,79.00936669600631,203.21538330790085,130,0,154
AC-008,AC-008-bogie-32,bogie,16,0.2314554722369896,81.50659375424368,186.26089961520074,130,0,154
AC-008,AC-008-bogie-32,bogie,17,0.2531590154438354,75.56943132221195,188.33172553345406,130,0,154
AC-008,AC-008-bogie-32,bogie,18,0.2880375759019813,80.51013683738447,201.5275983335192,130,0,154
AC-008,AC-008-bogie-32,bogie,19,0.21548057447680502,77.91642878983215,204.00324953921077,130,0,154
AC-008,AC-008-bogie-32,bogie,20,0.26020756930613176,71.72120572723486,201.39672914127144,130,0,154
AC-008,AC-008-bogie-32,bogie,21,0.26430431656686154,85.50694881924107,192.703887157724,130,0,154
AC-008,AC-008-bogie-32,bogie,22,0.21281168682177637,76.42108025808551,188.21302308070216,130,0,154
AC-008,AC-008-bogie-32,bogie,23,0.2730987837286472,69.57916597564794,194.62421074081536,130,0,154
AC-008,AC-008-bogie-32,bogie,24,0.28762368481308664,80.51459786955009,207.99167212533314,130,0,154
AC-008,AC-008-bogie-32,bogie,25,0.22704660205894958,74.11911227943985,213.31828391392207,129,0,154
AC-008,AC-008-bogie-32,bogie,26,0.26271329365348206,80.98317672021456,187.67831317617407,128,0,154
AC-008,AC-008-bogie-32,bogie,27,0.26354266274564314,76.03102456219368,210.6391548179484,127,0,154
AC-008,AC-008-bogie-32,bogie,28,0.31695330841223945,82.5969212394547,192.3282220957978,126,0,154
AC-008,AC-008-bogie-32,bogie,29,0.21262481787315624,73.9713693809266,214.13016663207944,125,0,154
AC-008,AC-008-bogie-32,bogie,30,0.24364706210573722,79.27564175171575,205.03529718886819,124,0,154
AC-008,AC-008-bogie-32,bogie,31,0.2948412336664398,80.01207565823552,194.3324846175579,123,0,154
AC-008,AC-008-bogie-32,bogie,32,1.0176240211773988,78.35300076582632,192.53470390230405,122,1,154
AC-008,AC-008-bogie-32,bogie,33,0.2754569901057795,81.65953341827672,219.47931837170827,121,0,154
AC-008,AC-008-bogie-32,bogie,34,0.27705577545566357,85.57945147893291,187.3374096596535,120,0,154
AC-008,AC-008-bogie-32,bogie,35,0.27987298051134923,78.14113246483544,201.88841693048622,119,0,154
AC-008,AC-008-bogie-32,bogie,36,0.28426278648076536,81.29240841699088,221.88739113277796,118,0,154
AC-008,AC-008-bogie-32,bogie,37,0.30020637392829824,85.86347618710994,205.33387221211302,117,0,154
AC-008,AC-008-bogie-32,bogie,38,0.30809990314832664,75.46986610578851,211.267344588575,116,0,154
AC-008,AC-008-bogie-32,bogie,39,0.25422533302126776,79.02532188433352,203.0485677194158,115,0,154
AC-008,AC-008-bogie-32,bogie,40,0.2999637792589411,76.73499352387091,192.17595112202517,114,0,154
AC-008,AC-008-bogie-32,bogie,41,0.27853079830615707,80.67214434687746,205.70510388103125,113,0,154
AC-008,AC-008-bogie-32,bogie,42,0.3466111143031615,83.16488613988865,189.67282900680658,112,0,154
AC-008,AC-008-bogie-32,bogie,43,0.25330642471796727,80.25826921663077,187.47893139776573,111,0,154
AC-008,AC-008-bogie-32,bogie,44,0.2899632407374676,83.4407396043614,192.10301183230146,110,0,154
AC-008,AC-008-bogie-32,bogie,45,0.3217186229607828,78.76591859957946,195.39027356794017,109,0,154
AC-008,AC-008-bogie-32,bogie,46,0.29624167800998724,85.35266889199616,209.2068665815983,108,0,154
AC-008,AC-008-bogie-32,bogie,47,0.29349888049907547,86.0665281855099,189.6231635150048,107,0,154
AC-008,AC-008-bogie-32,bogie,48,0.3047927405731739,85.56190867348779,211.24288260181098,106,0,154
AC-008,AC-008-bogie-32,bogie,49,0.254596156188487,78.39606092602548,204.1818229168135,105,0,154
AC-008,AC-008-bogie-32,bogie,50,0.2365029853222574,84.07630602421395,206.38148159119257,104,0,154
AC-008,AC-008-bogie-32,bogie,51,0.27959979307563987,80.47269589430694,184.87171473809178,103,0,154
AC-008,AC-008-bogie-32,bogie,52,0.2823250029587199,80.31004307766487,188.61095308432098,102,0,154
AC-008,AC-008-bogie-32,bogie,53,0.2796626533442932,81.28484576177885,192.43122704077393,101,0,154
AC-008,AC-008-bogie-32,bogie,54,0.33359075066377536,80.88235876974818,198.52330347748614,100,0,154
AC-008,AC-008-bogie-32,bogie,55,0.2862939733235352,80.19263730479744,177.85425380634723,99,0,154
AC-008,AC-008-bogie-32,bogie,56,0.2681594519032823,77.81663498056156,196.54771214925358,98,0,154
AC-008,AC-008-bogie-32,bogie,57,0.32289701839157464,75.59326430766502,189.02938715601763,97,0,154
AC-008,AC-008-bogie-32,bogie,58,0.2758541237451907,81.77979497984967,205.08388822430376,96,0,154
AC-008,AC-008-bogie-32,bogie,59,0.2961043067662888,82.74550303378513,208.68114211875533,95,0,154
AC-008,AC-008-bogie-32,bogie,60,0.31608161449479305,79.99555769057997,195.51730263066284,94,0,154
AC-008,AC-008-bogie-32,bogie,61,0.2922858809627115,84.81989398111772,198.87746968038016,93,0,154
AC-008,AC-008-bogie-32,bogie,62,0.28343855670684664,83.9422910411066,192.3408806769138,92,0,154
AC-008,AC-008-bogie-32,bogie,63,0.3236518124062521,86.67249564209307,198.08028116521297,91,0,154
AC-008,AC-008-bogie-32,bogie,64,0.30870253536114506,87.18752821298881,184.36095597783188,90,0,154
AC-008,AC-008-bogie-32,bogie,65,0.29039572474721614,70.78184870786913,192.1725995904038,89,0,154
AC-008,AC-008-bogie-32,bogie,66,0.3024466222305395,85.26448729205651,172.9407872840461,88,0,154
AC-008,AC-008-bogie-32,bogie,67,0.3080369906281561,85.66670957791906,182.13037862758793,87,0,154
AC-008,AC-008-bogie-32,bogie,68,0.3313003314640771,81.67138676595823,191.87296260973923,86,0,154
AC-008,AC-008-bogie-32,bogie,69,0.3371846156857667,87.82619905552416,192.89490218708025,85,0,154
AC-008,AC-008-bogie-32,bogie,70,0.3111991329454003,82.30007595544008,198.10509082095223,84,0,154
AC-008,AC-008-bogie-32,bogie,71,0.30928377467880463,83.53887208535687,187.63888207254985,83,0,154
